52.248 -55.542
52.291 -55.154
52.333 -54.765
52.373 -54.376
52.411 -53.985
52.448 -53.593
52.484 -53.201
52.517 -52.808
52.549 -52.414
52.580 -52.020
52.608 -51.625
52.635 -51.229
52.661 -50.832
52.685 -50.435
52.707 -50.038
52.727 -49.640
52.746 -49.241
52.485 -55.615
52.529 -55.224
52.571 -54.833
52.611 -54.440
52.650 -54.047
52.687 -53.653
52.723 -53.258
52.757 -52.862
52.789 -52.466
52.820 -52.069
52.849 -51.671
52.876 -51.272
52.902 -50.873
52.926 -50.473
52.948 -50.073
52.968 -49.672
52.723 -55.688
52.767 -55.295
52.809 -54.901
52.850 -54.506
52.889 -54.110
52.927 -53.714
52.962 -53.316
52.997 -52.918
53.029 -52.518
53.060 -52.118
53.089 -51.718
53.117 -51.316
53.143 -50.914
53.167 -50.512
53.189 -50.109
52.960 -55.763
53.005 -55.367
53.048 -54.971
53.089 -54.573
53.128 -54.174
53.166 -53.775
53.202 -53.375
53.237 -52.973
53.270 -52.571
53.301 -52.169
53.330 -51.765
53.358 -51.361
53.384 -50.956
53.408 -50.551
53.431 -50.145
53.452 -49.739
53.199 -55.839
53.243 -55.440
53.287 -55.041
53.328 -54.641
53.368 -54.239
53.406 -53.837
53.443 -53.434
53.477 -53.030
53.510 -52.625
53.542 -52.220
53.572 -51.813
53.600 -51.407
53.626 -50.999
53.650 -50.591
53.673 -50.182
53.714 -49.363
53.731 -48.953
53.437 -55.915
53.482 -55.514
53.526 -55.112
53.568 -54.709
53.608 -54.305
53.646 -53.900
53.683 -53.494
53.718 -53.087
53.752 -52.680
53.783 -52.272
53.813 -51.862
53.841 -51.453
53.868 -51.042
53.893 -50.631
53.676 -55.993
53.721 -55.589
53.765 -55.185
53.807 -54.779
53.848 -54.372
53.887 -53.964
53.924 -53.555
53.959 -53.146
53.993 -52.735
54.025 -52.324
54.055 -51.912
54.084 -51.499
54.110 -51.086
53.818 -56.882
53.867 -56.477
53.915 -56.072
53.961 -55.665
54.005 -55.258
54.048 -54.849
54.088 -54.440
54.128 -54.029
54.165 -53.617
54.201 -53.205
54.235 -52.791
54.267 -52.377
54.297 -51.962
54.326 -51.547
54.353 -51.130
54.056 -56.967
54.106 -56.560
54.154 -56.152
54.200 -55.743
54.245 -55.332
54.288 -54.921
54.329 -54.508
54.369 -54.095
54.406 -53.680
54.442 -53.265
54.477 -52.849
54.509 -52.431
54.540 -52.014
54.569 -51.595
54.596 -51.175
54.621 -50.755
54.243 -57.462
54.295 -57.054
54.345 -56.644
54.393 -56.233
54.440 -55.821
54.485 -55.408
54.529 -54.993
54.570 -54.578
54.610 -54.161
54.648 -53.744
54.684 -53.326
54.719 -52.906
54.752 -52.486
54.783 -52.065
54.812 -51.644
54.839 -51.221
54.865 -50.798
54.482 -57.553
54.534 -57.142
54.584 -56.729
54.633 -56.315
54.680 -55.900
54.726 -55.484
54.769 -55.067
54.811 -54.649
54.852 -54.229
54.890 -53.809
54.927 -53.387
54.961 -52.965
54.994 -52.542
55.026 -52.118
55.055 -51.693
55.083 -51.268
55.109 -50.841
54.720 -57.645
54.773 -57.231
54.824 -56.816
54.873 -56.399
54.921 -55.981
54.967 -55.562
55.011 -55.142
55.053 -54.720
55.093 -54.298
55.132 -53.874
55.169 -53.450
55.204 -53.025
55.238 -52.598
55.269 -52.171
55.299 -51.743
55.327 -51.315
54.848 -58.569
54.904 -58.154
54.959 -57.739
55.012 -57.322
55.064 -56.903
55.113 -56.484
55.161 -56.063
55.208 -55.641
55.252 -55.218
55.295 -54.793
55.336 -54.368
55.375 -53.941
55.412 -53.514
55.447 -53.085
55.481 -52.656
55.513 -52.226
55.543 -51.794
55.571 -51.363
55.086 -58.669
55.143 -58.252
55.198 -57.833
55.252 -57.414
55.304 -56.992
55.354 -56.570
55.402 -56.146
55.449 -55.721
55.494 -55.294
55.537 -54.867
55.578 -54.438
55.617 -54.009
55.655 -53.578
55.691 -53.147
55.725 -52.714
55.757 -52.281
55.787 -51.846
55.265 -59.189
55.324 -58.771
55.382 -58.351
55.438 -57.930
55.492 -57.507
55.544 -57.083
55.595 -56.657
55.643 -56.230
55.690 -55.802
55.736 -55.373
55.779 -54.942
55.821 -54.510
55.860 -54.078
55.898 -53.644
55.935 -53.209
55.969 -52.773
56.001 -52.336
55.441 -59.716
55.503 -59.296
55.563 -58.875
55.621 -58.452
55.677 -58.027
55.732 -57.601
55.785 -57.174
55.836 -56.746
55.885 -56.316
55.932 -55.884
55.978 -55.452
56.022 -55.018
56.064 -54.583
56.104 -54.147
56.142 -53.710
56.178 -53.272
56.213 -52.833
55.679 -59.826
55.741 -59.404
55.802 -58.980
55.860 -58.554
55.917 -58.126
55.972 -57.698
56.025 -57.267
56.077 -56.836
56.127 -56.402
56.174 -55.968
56.220 -55.532
56.265 -55.096
56.307 -54.657
56.347 -54.218
56.386 -53.778
56.423 -53.336
55.853 -60.363
55.917 -59.939
55.980 -59.513
56.041 -59.086
56.100 -58.657
56.157 -58.227
56.213 -57.795
56.266 -57.362
56.318 -56.927
56.368 -56.491
56.417 -56.053
56.463 -55.614
56.508 -55.174
56.550 -54.733
56.591 -54.290
56.630 -53.846
56.090 -60.480
56.155 -60.053
56.218 -59.625
56.280 -59.194
56.339 -58.763
56.397 -58.329
56.453 -57.894
56.508 -57.458
56.560 -57.020
56.610 -56.580
56.659 -56.139
56.751 -55.254
56.794 -54.809
56.835 -54.363
56.328 -60.599
56.393 -60.169
56.457 -59.737
56.519 -59.304
56.579 -58.869
56.638 -58.433
56.694 -57.995
56.749 -57.555
56.802 -57.114
56.853 -56.671
56.902 -56.227
56.949 -55.781
56.995 -55.335
57.038 -54.887
57.080 -54.437
51.186 -79.850
51.323 -79.535
56.566 -60.719
56.632 -60.287
56.696 -59.852
56.759 -59.416
56.819 -58.978
56.878 -58.538
56.935 -58.097
56.991 -57.654
57.044 -57.209
57.095 -56.763
57.145 -56.316
57.193 -55.867
57.238 -55.417
57.282 -54.965
57.743 -46.212
57.748 -45.746
57.748 -44.348
57.744 -43.882
51.245 -80.383
51.383 -80.070
51.520 -79.754
51.657 -79.435
51.792 -79.114
51.927 -78.791
52.060 -78.465
56.804 -60.842
56.871 -60.406
56.935 -59.968
56.998 -59.529
57.060 -59.088
57.119 -58.645
57.177 -58.200
57.232 -57.754
57.286 -57.306
57.338 -56.857
57.388 -56.406
57.436 -55.954
57.483 -55.500
57.977 -47.160
57.986 -46.691
57.992 -46.222
57.996 -45.752
57.999 -45.282
57.997 -44.342
57.993 -43.872
57.987 -43.403
51.440 -80.606
51.579 -80.292
51.718 -79.975
51.855 -79.656
51.991 -79.334
52.127 -79.010
52.261 -78.683
56.973 -61.403
57.042 -60.966
57.109 -60.527
57.175 -60.087
57.238 -59.644
57.300 -59.200
57.360 -58.753
57.418 -58.306
57.474 -57.856
57.529 -57.405
57.581 -56.952
57.632 -56.498
57.680 -56.042
57.727 -55.585
58.216 -47.651
58.226 -47.178
58.235 -46.705
58.241 -46.232
58.248 -45.284
58.246 -44.337
58.242 -43.863
58.236 -43.390
51.775 -80.517
51.915 -80.199
52.053 -79.879
52.190 -79.556
52.326 -79.231
52.462 -78.903
57.211 -61.533
57.280 -61.093
57.348 -60.651
57.414 -60.207
57.478 -59.761
57.541 -59.313
57.601 -58.864
57.660 -58.413
57.717 -57.960
57.771 -57.505
57.824 -57.049
57.875 -56.591
58.421 -49.101
58.438 -48.626
58.452 -48.150
58.465 -47.673
58.476 -47.196
58.484 -46.719
58.491 -46.242
58.495 -45.764
58.497 -45.287
58.497 -44.809
58.496 -44.331
58.492 -43.854
58.486 -43.376
58.478 -42.899
58.467 -42.422
51.971 -80.744
52.111 -80.425
52.250 -80.104
52.389 -79.780
52.526 -79.454
52.662 -79.125
57.449 -61.664
57.519 -61.221
57.587 -60.776
57.654 -60.328
57.719 -59.879
57.782 -59.429
57.843 -58.976
57.902 -58.521
57.959 -58.065
58.014 -57.607
58.068 -57.147
58.119 -56.686
58.670 -49.136
58.687 -48.656
58.702 -48.176
58.715 -47.696
58.725 -47.215
58.740 -46.252
58.745 -45.771
58.747 -45.289
58.747 -44.807
58.745 -44.326
58.741 -43.844
58.735 -43.363
58.727 -42.881
58.717 -42.400
58.704 -41.920
58.690 -41.440
52.024 -81.290
52.166 -80.973
52.307 -80.654
52.448 -80.332
52.587 -80.007
52.725 -79.680
52.862 -79.350
52.998 -79.018
57.686 -61.797
57.757 -61.351
57.827 -60.903
57.894 -60.452
57.959 -60.000
58.023 -59.546
58.084 -59.090
58.144 -58.632
58.202 -58.172
58.257 -57.710
58.311 -57.247
58.363 -56.783
58.772 -52.057
58.802 -51.578
58.879 -50.136
58.900 -49.654
58.919 -49.171
58.936 -48.687
58.951 -48.203
58.964 -47.719
58.975 -47.234
58.984 -46.748
58.990 -46.263
58.995 -45.777
58.997 -45.291
58.997 -44.806
58.995 -44.320
58.991 -43.834
58.985 -43.349
58.977 -42.863
58.967 -42.378
58.954 -41.894
58.939 -41.410
58.923 -40.926
58.904 -40.443
58.883 -39.960
52.218 -81.523
52.361 -81.206
52.503 -80.885
52.645 -80.562
52.785 -80.237
52.924 -79.909
53.062 -79.578
53.199 -79.244
57.925 -61.933
57.996 -61.483
58.066 -61.032
58.134 -60.578
58.200 -60.122
58.264 -59.665
58.326 -59.205
58.386 -58.744
58.444 -58.281
58.501 -57.816
58.555 -57.349
58.608 -56.880
59.021 -52.117
59.128 -50.180
59.149 -49.693
59.169 -49.206
59.186 -48.719
59.201 -48.230
59.214 -47.742
59.225 -47.253
59.234 -46.763
59.241 -46.274
59.245 -45.784
59.248 -45.294
59.248 -44.804
59.246 -44.314
59.242 -43.824
59.236 -43.335
59.227 -42.845
59.217 -42.356
59.204 -41.867
59.189 -41.379
59.172 -40.891
59.153 -40.404
52.556 -81.441
52.699 -81.119
52.841 -80.796
52.982 -80.469
53.122 -80.140
53.261 -79.808
53.399 -79.474
53.536 -79.136
58.089 -62.521
58.163 -62.070
58.235 -61.618
58.305 -61.163
58.374 -60.706
58.440 -60.247
58.505 -59.786
58.568 -59.323
58.629 -58.858
58.687 -58.391
58.744 -57.922
58.799 -57.452
58.852 -56.980
59.327 -51.203
59.353 -50.714
59.377 -50.224
59.399 -49.734
59.419 -49.242
59.436 -48.751
59.452 -48.258
59.465 -47.765
59.476 -47.272
59.485 -46.779
59.491 -46.285
59.496 -45.791
59.498 -45.297
59.498 -44.802
59.496 -44.308
59.492 -43.814
59.486 -43.320
59.478 -42.827
59.467 -42.333
59.454 -41.840
59.439 -41.348
59.422 -40.856
59.403 -40.365
59.382 -39.874
52.750 -81.678
52.894 -81.356
53.037 -81.031
53.179 -80.704
53.321 -80.374
53.461 -80.041
53.600 -79.706
53.737 -79.367
53.874 -79.026
58.326 -62.664
58.401 -62.210
58.474 -61.754
58.545 -61.296
58.614 -60.836
58.681 -60.373
58.746 -59.909
58.810 -59.442
58.871 -58.974
58.931 -58.503
58.988 -58.031
59.043 -57.557
59.097 -57.081
59.148 -56.604
59.548 -51.748
59.577 -51.256
59.603 -50.763
59.627 -50.269
59.649 -49.775
59.669 -49.279
59.687 -48.783
59.702 -48.287
59.715 -47.789
59.726 -47.292
59.735 -46.794
59.742 -46.296
59.747 -45.798
59.749 -45.299
59.749 -44.801
59.747 -44.302
59.743 -43.804
59.737 -43.306
59.728 -42.808
59.718 -42.310
59.705 -41.813
59.690 -41.316
59.673 -40.820
59.653 -40.324
59.632 -39.830
52.798 -82.238
52.944 -81.918
53.089 -81.595
53.233 -81.270
53.376 -80.942
53.518 -80.611
53.659 -80.277
53.799 -79.940
53.938 -79.601
54.076 -79.259
58.564 -62.809
58.639 -62.352
58.713 -61.893
58.785 -61.431
58.854 -60.968
58.922 -60.502
58.988 -60.034
59.052 -59.564
59.114 -59.091
59.174 -58.617
59.232 -58.141
59.288 -57.664
59.342 -57.184
59.394 -56.703
59.443 -56.220
59.767 -52.302
59.798 -51.807
59.826 -51.311
59.853 -50.813
59.919 -49.317
59.937 -48.816
59.953 -48.315
59.966 -47.814
59.978 -47.312
59.987 -46.810
59.993 -46.307
59.998 -45.805
60.000 -45.302
60.001 -44.799
59.988 -43.291
59.980 -42.788
59.969 -42.286
59.956 -41.785
59.941 -41.284
59.923 -40.783
59.904 -40.284
53.138 -82.161
53.284 -81.837
53.429 -81.511
53.573 -81.182
53.716 -80.850
53.858 -80.515
53.999 -80.178
54.139 -79.837
54.277 -79.494
58.802 -62.957
58.878 -62.496
58.952 -62.034
59.024 -61.569
59.095 -61.102
59.163 -60.632
59.230 -60.161
59.294 -59.687
59.357 -59.211
59.417 -58.733
59.476 -58.254
59.532 -57.772
59.587 -57.289
59.639 -56.803
59.690 -56.316
59.738 -55.828
60.016 -52.366
60.047 -51.867
60.076 -51.366
60.103 -50.865
60.128 -50.362
60.150 -49.859
60.170 -49.355
60.188 -48.850
60.204 -48.345
60.218 -47.839
60.229 -47.332
60.238 -46.826
60.245 -46.319
60.250 -45.812
60.252 -45.304
60.240 -43.276
60.231 -42.769
60.220 -42.262
60.207 -41.756
60.192 -41.251
60.174 -40.746
60.154 -40.242
53.478 -82.082
53.624 -81.755
53.769 -81.425
53.913 -81.092
54.056 -80.757
54.198 -80.418
54.339 -80.077
54.478 -79.732
54.891 -78.682
55.026 -78.326
55.161 -77.967
55.293 -77.606
58.265 -67.165
59.040 -63.107
59.116 -62.643
59.191 -62.177
59.264 -61.709
59.335 -61.238
59.405 -60.765
59.472 -60.290
59.537 -59.812
59.600 -59.333
59.661 -58.851
59.720 -58.368
59.777 -57.882
59.832 -57.395
59.885 -56.906
59.936 -56.415
59.985 -55.922
60.031 -55.428
60.076 -54.932
60.118 -54.435
60.158 -53.936
60.196 -53.436
60.232 -52.934
60.266 -52.431
60.297 -51.928
60.326 -51.423
60.353 -50.917
60.378 -50.410
60.401 -49.902
60.421 -49.393
60.439 -48.884
60.455 -48.374
60.469 -47.864
60.481 -47.353
60.490 -46.842
60.497 -46.331
60.501 -45.819
60.491 -43.260
60.483 -42.749
60.472 -42.238
60.458 -41.728
60.443 -41.218
60.425 -40.708
60.405 -40.200
53.671 -82.330
53.818 -82.002
53.964 -81.671
54.110 -81.337
54.254 -81.001
54.396 -80.661
54.538 -80.319
54.679 -79.974
54.819 -79.625
54.957 -79.274
55.095 -78.920
55.231 -78.563
55.366 -78.203
55.500 -77.840
55.633 -77.473
55.764 -77.104
55.894 -76.732
58.400 -67.786
58.496 -67.345
58.590 -66.902
58.682 -66.456
59.278 -63.259
59.355 -62.792
59.431 -62.323
59.504 -61.851
59.576 -61.376
59.646 -60.900
59.714 -60.421
59.779 -59.940
59.843 -59.457
59.905 -58.971
59.965 -58.484
60.022 -57.995
60.078 -57.503
60.131 -57.010
60.182 -56.515
60.232 -56.018
60.279 -55.520
60.323 -55.020
60.366 -54.518
60.407 -54.015
60.445 -53.511
60.481 -53.005
60.515 -52.498
60.547 -51.989
60.577 -51.480
60.604 -50.970
60.629 -50.458
60.652 -49.946
60.673 -49.433
60.691 -48.919
60.707 -48.405
60.721 -47.890
60.732 -47.374
60.742 -46.859
60.735 -42.729
60.723 -42.213
60.710 -41.698
60.694 -41.184
60.676 -40.670
54.013 -82.252
54.160 -81.920
54.306 -81.585
54.451 -81.248
54.595 -80.907
54.738 -80.564
54.879 -80.218
55.020 -79.868
55.160 -79.516
55.298 -79.161
55.435 -78.802
55.572 -78.441
55.706 -78.076
55.840 -77.709
55.973 -77.338
56.104 -76.965
56.234 -76.588
58.532 -68.412
58.630 -67.972
58.727 -67.529
58.822 -67.082
58.915 -66.633
59.006 -66.182
59.096 -65.727
59.435 -63.882
59.516 -63.414
59.594 -62.944
59.670 -62.471
59.745 -61.995
59.817 -61.517
59.887 -61.037
59.956 -60.555
60.022 -60.070
60.087 -59.583
60.149 -59.093
60.209 -58.602
60.267 -58.109
60.323 -57.613
60.377 -57.116
60.429 -56.617
60.479 -56.116
60.526 -55.613
60.572 -55.109
60.615 -54.603
60.656 -54.096
60.694 -53.587
60.731 -53.077
60.765 -52.565
60.797 -52.052
60.827 -51.538
60.855 -51.023
60.880 -50.508
60.903 -49.991
60.924 -49.473
60.943 -48.955
60.959 -48.436
60.987 -42.708
60.976 -42.188
60.962 -41.668
60.946 -41.149
60.928 -40.631
60.908 -40.113
60.885 -39.596
60.860 -39.080
60.833 -38.564
54.207 -82.504
54.355 -82.172
54.502 -81.836
54.648 -81.498
54.793 -81.156
54.937 -80.812
55.079 -80.465
55.221 -80.114
55.362 -79.761
55.501 -79.404
55.639 -79.045
55.777 -78.682
55.913 -78.316
56.047 -77.947
56.181 -77.575
56.313 -77.200
56.444 -76.822
56.573 -76.441
58.761 -68.604
58.860 -68.160
58.958 -67.714
59.053 -67.265
59.147 -66.813
59.240 -66.359
59.330 -65.901
59.418 -65.441
59.673 -64.043
59.754 -63.572
59.833 -63.098
59.910 -62.621
59.985 -62.142
60.058 -61.661
60.129 -61.177
60.198 -60.690
60.265 -60.202
60.330 -59.711
60.393 -59.218
60.454 -58.722
60.513 -58.225
60.569 -57.725
60.624 -57.224
60.676 -56.721
60.726 -56.215
60.774 -55.709
60.820 -55.200
60.863 -54.690
60.905 -54.178
60.944 -53.664
60.981 -53.150
61.016 -52.634
61.048 -52.116
61.078 -51.598
61.106 -51.078
61.132 -50.558
61.155 -50.036
61.176 -49.514
61.195 -48.991
61.211 -48.467
61.239 -42.687
61.228 -42.162
61.214 -41.638
61.198 -41.114
61.180 -40.591
61.159 -40.068
61.137 -39.546
61.111 -39.026
61.084 -38.506
61.054 -37.987
54.549 -82.426
54.697 -82.090
54.844 -81.751
54.990 -81.408
55.135 -81.063
55.279 -80.715
55.422 -80.363
55.563 -80.009
55.704 -79.651
55.843 -79.290
55.981 -78.926
56.118 -78.559
56.254 -78.189
56.388 -77.816
56.522 -77.439
56.653 -77.059
56.784 -76.677
58.990 -68.798
59.090 -68.352
59.188 -67.903
59.285 -67.451
59.380 -66.996
59.473 -66.539
59.564 -66.078
59.653 -65.614
59.992 -63.732
60.071 -63.254
60.149 -62.774
60.225 -62.292
60.299 -61.806
60.371 -61.319
60.440 -60.828
60.508 -60.336
60.574 -59.841
60.637 -59.344
60.699 -58.845
60.758 -58.343
60.815 -57.839
60.870 -57.334
60.923 -56.826
60.974 -56.317
61.022 -55.805
61.068 -55.292
61.112 -54.778
61.154 -54.261
61.194 -53.744
61.231 -53.224
61.266 -52.704
61.299 -52.182
61.329 -51.658
61.357 -51.134
61.383 -50.609
61.407 -50.083
61.428 -49.556
61.447 -49.028
61.481 -42.136
61.467 -41.607
61.451 -41.078
61.432 -40.550
61.411 -40.023
61.388 -39.496
61.363 -38.971
54.892 -82.347
55.040 -82.007
55.187 -81.664
55.333 -81.317
55.478 -80.968
55.622 -80.615
55.765 -80.260
55.906 -79.901
56.324 -78.805
56.460 -78.434
56.596 -78.059
56.730 -77.681
56.863 -77.300
56.995 -76.915
57.125 -76.528
59.219 -68.996
59.320 -68.547
59.419 -68.095
59.517 -67.640
59.612 -67.182
59.706 -66.721
59.798 -66.257
59.888 -65.791
59.977 -65.321
60.063 -64.848
60.147 -64.373
60.230 -63.895
60.310 -63.414
60.389 -62.930
60.465 -62.443
60.540 -61.955
60.612 -61.463
60.683 -60.969
60.751 -60.473
60.817 -59.974
60.882 -59.472
60.944 -58.969
61.004 -58.463
61.061 -57.955
61.117 -57.446
61.170 -56.934
61.221 -56.420
61.270 -55.904
61.317 -55.387
61.361 -54.867
61.404 -54.346
61.444 -53.824
61.481 -53.300
61.517 -52.775
61.550 -52.248
61.581 -51.720
61.609 -51.191
61.635 -50.661
61.659 -50.130
61.681 -49.598
61.734 -42.109
61.720 -41.575
61.703 -41.041
61.685 -40.508
61.664 -39.976
61.640 -39.445
61.615 -38.915
55.087 -82.607
55.236 -82.266
55.384 -81.922
55.531 -81.575
55.677 -81.224
55.822 -80.871
55.965 -80.514
56.108 -80.154
56.249 -79.791
56.389 -79.424
56.528 -79.055
56.666 -78.682
56.803 -78.306
56.938 -77.926
57.072 -77.543
57.205 -77.157
57.336 -76.768
59.344 -69.645
59.448 -69.196
59.550 -68.745
59.650 -68.290
59.748 -67.832
59.845 -67.371
59.939 -66.907
60.032 -66.440
60.123 -65.970
60.212 -65.497
60.299 -65.021
60.385 -64.542
60.468 -64.060
60.549 -63.575
60.629 -63.088
60.706 -62.598
60.781 -62.105
60.854 -61.610
60.925 -61.112
60.994 -60.611
61.061 -60.109
61.126 -59.603
61.189 -59.096
61.249 -58.586
61.308 -58.074
61.364 -57.559
61.418 -57.043
61.469 -56.525
61.519 -56.005
61.566 -55.482
61.611 -54.959
61.654 -54.433
61.694 -53.906
61.732 -53.377
61.768 -52.847
61.801 -52.316
61.832 -51.783
61.861 -51.249
61.887 -50.714
61.912 -50.178
61.933 -49.641
61.987 -42.082
61.973 -41.543
61.956 -41.004
61.937 -40.466
61.916 -39.929
61.892 -39.393
61.867 -38.858
61.838 -38.324
55.129 -83.209
55.281 -82.870
55.431 -82.528
55.580 -82.183
55.728 -81.835
55.875 -81.484
56.021 -81.129
56.166 -80.771
56.309 -80.410
56.452 -80.046
56.593 -79.678
56.733 -79.307
56.872 -78.933
57.009 -78.555
57.146 -78.175
57.281 -77.790
57.414 -77.403
57.547 -77.012
59.676 -69.400
59.779 -68.946
59.880 -68.488
59.980 -68.027
60.077 -67.563
60.173 -67.096
60.266 -66.625
60.358 -66.152
60.448 -65.676
60.536 -65.196
60.622 -64.714
60.706 -64.228
60.788 -63.740
60.868 -63.249
60.946 -62.755
61.022 -62.259
61.096 -61.759
61.168 -61.257
61.238 -60.753
61.305 -60.246
61.371 -59.736
61.434 -59.225
61.495 -58.710
61.554 -58.194
61.611 -57.675
61.665 -57.154
61.717 -56.632
61.767 -56.107
61.815 -55.580
61.860 -55.052
61.904 -54.521
61.944 -53.989
61.983 -53.456
62.019 -52.921
62.053 -52.385
62.084 -51.847
62.113 -51.308
62.140 -50.768
62.164 -50.227
62.186 -49.685
62.240 -42.054
62.226 -41.510
62.209 -40.966
62.190 -40.423
62.169 -39.881
62.145 -39.340
62.119 -38.800
62.090 -38.261
62.026 -37.186
55.169 -83.812
55.322 -83.476
55.474 -83.136
55.625 -82.793
55.776 -82.448
55.925 -82.099
56.073 -81.746
56.220 -81.391
56.366 -81.032
56.510 -80.670
56.654 -80.304
56.796 -79.935
56.937 -79.563
57.077 -79.188
57.216 -78.809
57.353 -78.426
57.489 -78.041
57.624 -77.652
57.757 -77.259
59.905 -69.607
60.009 -69.150
60.111 -68.689
60.211 -68.225
60.309 -67.758
60.406 -67.288
60.500 -66.814
60.593 -66.337
60.684 -65.858
60.773 -65.375
60.859 -64.889
60.944 -64.400
61.027 -63.908
61.108 -63.413
61.187 -62.915
61.264 -62.415
61.338 -61.911
61.411 -61.405
61.481 -60.897
61.549 -60.386
61.615 -59.872
61.679 -59.356
61.741 -58.837
61.801 -58.316
61.858 -57.793
61.913 -57.268
61.966 -56.740
62.016 -56.211
62.064 -55.680
62.110 -55.146
62.154 -54.611
62.195 -54.075
62.234 -53.536
62.270 -52.996
62.305 -52.455
62.336 -51.912
62.366 -51.368
62.393 -50.823
62.417 -50.277
62.494 -42.026
62.480 -41.476
62.463 -40.927
62.444 -40.379
62.422 -39.832
62.398 -39.286
62.371 -38.740
62.342 -38.196
62.311 -37.653
62.277 -37.112
55.204 -84.416
55.360 -84.083
55.514 -83.746
55.667 -83.405
55.820 -83.062
55.971 -82.715
56.121 -82.365
56.270 -82.012
56.418 -81.656
56.565 -81.296
56.711 -80.932
56.855 -80.566
56.999 -80.196
57.141 -79.822
57.282 -79.445
57.422 -79.065
57.560 -78.682
57.697 -78.294
57.833 -77.904
57.967 -77.510
60.238 -69.357
60.341 -68.894
60.442 -68.427
60.541 -67.956
60.639 -67.483
60.734 -67.006
60.828 -66.526
60.919 -66.042
61.009 -65.556
61.097 -65.066
61.183 -64.574
61.266 -64.078
61.348 -63.580
61.427 -63.078
61.505 -62.574
61.580 -62.066
61.654 -61.556
61.725 -61.043
61.794 -60.528
61.860 -60.010
61.925 -59.489
61.987 -58.966
62.047 -58.441
62.105 -57.913
62.161 -57.383
62.214 -56.851
62.265 -56.317
62.314 -55.781
62.360 -55.243
62.404 -54.703
62.446 -54.161
62.485 -53.618
62.522 -53.073
62.557 -52.527
62.589 -51.979
62.618 -51.430
62.646 -50.880
62.670 -50.328
62.748 -41.997
62.734 -41.442
62.717 -40.888
62.697 -40.335
62.675 -39.782
62.651 -39.231
62.624 -38.680
62.595 -38.131
62.563 -37.583
62.529 -37.036
55.236 -85.022
55.393 -84.691
55.550 -84.357
55.705 -84.019
55.860 -83.678
56.013 -83.334
56.165 -82.986
56.317 -82.636
56.467 -82.281
56.616 -81.924
56.764 -81.563
56.911 -81.199
57.057 -80.831
57.201 -80.460
57.344 -80.085
57.486 -79.707
57.627 -79.325
57.767 -78.940
57.905 -78.551
58.042 -78.159
58.177 -77.764
60.467 -69.568
60.571 -69.101
60.673 -68.631
60.773 -68.158
60.872 -67.681
60.968 -67.201
61.063 -66.717
61.155 -66.231
61.246 -65.741
61.334 -65.247
61.421 -64.751
61.505 -64.252
61.588 -63.749
61.668 -63.244
61.746 -62.735
61.822 -62.224
61.896 -61.710
61.968 -61.193
62.038 -60.673
62.105 -60.150
62.171 -59.625
62.234 -59.098
62.294 -58.568
62.353 -58.036
62.409 -57.501
62.463 -56.964
62.514 -56.425
62.563 -55.884
62.610 -55.341
62.655 -54.796
62.697 -54.250
62.737 -53.701
62.774 -53.151
62.809 -52.600
62.841 -52.047
62.871 -51.492
62.899 -50.937
62.988 -41.407
62.971 -40.848
62.951 -40.289
62.929 -39.731
62.904 -39.174
62.877 -38.619
62.847 -38.064
62.815 -37.511
62.781 -36.959
62.744 -36.409
62.705 -35.860
55.424 -85.301
55.582 -84.969
55.740 -84.634
55.896 -84.296
56.052 -83.954
56.206 -83.609
56.360 -83.261
56.512 -82.909
56.663 -82.554
56.813 -82.195
56.963 -81.834
57.110 -81.468
57.257 -81.099
57.403 -80.727
57.547 -80.351
57.690 -79.972
57.832 -79.589
57.973 -79.202
58.112 -78.812
58.250 -78.418
58.387 -78.021
60.696 -69.782
60.801 -69.313
60.904 -68.839
61.005 -68.363
61.105 -67.883
61.202 -67.399
61.297 -66.912
61.391 -66.422
61.482 -65.928
61.571 -65.432
61.659 -64.931
61.744 -64.428
61.827 -63.922
61.909 -63.412
61.988 -62.900
62.065 -62.384
62.139 -61.866
62.212 -61.344
62.282 -60.820
62.350 -60.294
62.416 -59.764
62.480 -59.232
62.541 -58.697
62.600 -58.160
62.657 -57.621
62.712 -57.079
62.764 -56.535
62.813 -55.989
62.861 -55.441
62.906 -54.891
62.948 -54.340
62.988 -53.786
63.026 -53.231
63.061 -52.674
63.094 -52.116
63.124 -51.556
63.152 -50.995
63.225 -40.807
63.205 -40.243
63.182 -39.679
63.158 -39.117
63.130 -38.556
63.100 -37.996
63.068 -37.438
63.033 -36.880
62.996 -36.325
62.956 -35.771
55.611 -85.582
55.770 -85.250
55.929 -84.914
56.087 -84.575
56.243 -84.233
56.399 -83.887
56.553 -83.538
56.707 -83.186
56.859 -82.830
57.010 -82.471
57.161 -82.108
57.310 -81.741
57.457 -81.371
57.604 -80.998
57.750 -80.621
57.894 -80.240
58.037 -79.856
58.178 -79.468
58.319 -79.076
58.458 -78.681
58.596 -78.282
60.925 -70.000
61.031 -69.527
61.135 -69.051
61.237 -68.571
61.337 -68.088
61.436 -67.601
61.532 -67.110
61.626 -66.617
61.718 -66.119
61.809 -65.619
61.897 -65.115
61.983 -64.608
62.067 -64.097
62.149 -63.584
62.229 -63.067
62.307 -62.548
62.382 -62.025
62.456 -61.499
62.527 -60.971
62.596 -60.439
62.662 -59.905
62.726 -59.369
62.788 -58.829
62.848 -58.287
62.905 -57.743
62.960 -57.197
63.013 -56.648
63.063 -56.097
63.111 -55.543
63.157 -54.988
63.200 -54.431
63.240 -53.872
63.278 -53.312
63.314 -52.750
63.347 -52.186
63.378 -51.621
63.479 -40.765
63.459 -40.195
63.436 -39.626
63.411 -39.059
63.384 -38.492
63.353 -37.927
63.321 -37.363
63.286 -36.800
63.248 -36.239
63.208 -35.680
63.165 -35.123
55.636 -86.197
55.797 -85.867
55.958 -85.534
56.118 -85.198
56.276 -84.859
56.434 -84.516
56.591 -84.169
56.746 -83.820
56.901 -83.466
57.054 -83.109
57.207 -82.749
57.358 -82.385
57.508 -82.018
57.657 -81.647
57.805 -81.272
57.951 -80.894
58.097 -80.512
58.241 -80.127
58.384 -79.737
58.525 -79.344
58.665 -78.948
61.046 -70.694
61.154 -70.222
61.261 -69.746
61.366 -69.266
61.469 -68.783
61.570 -68.296
61.669 -67.806
61.766 -67.312
61.862 -66.815
61.955 -66.314
62.046 -65.809
62.135 -65.302
62.222 -64.791
62.307 -64.276
62.390 -63.759
62.471 -63.238
62.549 -62.714
62.625 -62.187
62.699 -61.657
62.771 -61.124
62.841 -60.588
62.908 -60.049
62.973 -59.508
63.036 -58.964
63.096 -58.417
63.154 -57.868
63.210 -57.316
63.263 -56.762
63.314 -56.206
63.362 -55.648
63.408 -55.087
63.451 -54.525
63.492 -53.961
63.531 -53.395
63.567 -52.827
63.600 -52.258
63.631 -51.687
63.734 -40.722
63.714 -40.147
63.691 -39.572
63.665 -38.999
63.637 -38.427
63.607 -37.856
63.574 -37.287
55.821 -86.486
55.983 -86.156
56.145 -85.822
56.306 -85.485
56.465 -85.145
56.624 -84.802
56.782 -84.455
56.939 -84.104
57.094 -83.750
57.249 -83.392
57.403 -83.031
57.555 -82.666
57.706 -82.298
57.856 -81.926
58.005 -81.550
58.153 -81.171
58.299 -80.788
58.445 -80.401
58.588 -80.010
58.731 -79.616
58.872 -79.218
59.012 -78.816
59.151 -78.410
59.288 -78.001
61.162 -71.393
61.273 -70.922
61.383 -70.447
61.491 -69.968
61.596 -69.485
61.700 -68.999
61.803 -68.509
61.903 -68.015
62.001 -67.517
62.097 -67.016
62.283 -66.004
62.373 -65.492
62.461 -64.977
62.547 -64.458
62.631 -63.937
62.712 -63.412
62.791 -62.883
62.868 -62.352
62.943 -61.817
63.016 -61.280
63.086 -60.739
63.154 -60.196
63.220 -59.649
63.283 -59.100
63.344 -58.549
63.403 -57.995
63.459 -57.438
63.513 -56.879
63.564 -56.317
63.613 -55.754
63.659 -55.188
63.703 -54.620
63.745 -54.051
63.784 -53.479
63.820 -52.906
63.854 -52.331
63.885 -51.755
63.989 -40.679
63.968 -40.098
63.945 -39.517
63.920 -38.938
63.891 -38.360
63.860 -37.784
63.827 -37.209
55.840 -87.105
56.005 -86.778
56.168 -86.447
56.331 -86.113
56.493 -85.776
56.654 -85.435
56.814 -85.091
56.973 -84.743
57.131 -84.392
57.287 -84.037
57.443 -83.679
57.598 -83.317
57.751 -82.951
57.904 -82.582
58.055 -82.209
58.205 -81.832
58.354 -81.451
58.501 -81.067
58.648 -80.679
58.793 -80.287
58.937 -79.891
59.079 -79.492
59.220 -79.088
59.360 -78.681
59.498 -78.270
59.635 -77.855
59.770 -77.435
61.388 -71.628
61.500 -71.154
61.611 -70.676
61.720 -70.194
61.827 -69.708
61.932 -69.218
62.035 -68.724
62.136 -68.227
62.235 -67.726
62.520 -66.201
62.611 -65.685
62.700 -65.166
62.787 -64.644
62.871 -64.118
62.953 -63.588
63.034 -63.056
63.111 -62.520
63.187 -61.981
63.260 -61.439
63.331 -60.893
63.400 -60.345
63.466 -59.794
63.530 -59.240
63.592 -58.683
63.651 -58.124
63.708 -57.562
63.762 -56.998
63.814 -56.431
63.864 -55.862
63.911 -55.291
63.955 -54.718
63.997 -54.143
64.037 -53.565
64.073 -52.987
64.108 -52.406
64.244 -40.634
64.223 -40.047
64.200 -39.461
64.174 -38.876
64.145 -38.292
64.114 -37.710
64.080 -37.129
64.044 -36.550
56.022 -87.400
56.188 -87.073
56.353 -86.742
56.517 -86.408
56.680 -86.070
56.842 -85.729
57.003 -85.384
57.163 -85.036
57.322 -84.684
57.480 -84.328
57.637 -83.969
57.793 -83.606
57.947 -83.240
58.101 -82.869
58.253 -82.495
58.404 -82.118
58.554 -81.736
58.703 -81.350
58.850 -80.961
58.997 -80.568
59.141 -80.171
59.285 -79.770
59.427 -79.365
59.568 -78.956
59.708 -78.543
59.846 -78.126
59.982 -77.705
61.614 -71.867
61.728 -71.390
61.839 -70.908
61.949 -70.423
62.057 -69.934
62.163 -69.441
62.267 -68.944
62.663 -66.918
62.757 -66.402
62.849 -65.883
63.026 -64.833
63.112 -64.302
63.195 -63.769
63.276 -63.232
63.355 -62.691
63.431 -62.147
63.505 -61.601
63.577 -61.051
63.646 -60.497
63.713 -59.941
63.778 -59.382
63.840 -58.821
63.900 -58.256
63.958 -57.689
64.013 -57.119
64.065 -56.547
64.115 -55.973
64.162 -55.396
64.207 -54.817
64.250 -54.236
64.290 -53.653
64.327 -53.069
64.362 -52.482
64.479 -39.996
64.455 -39.404
64.429 -38.813
64.400 -38.223
64.368 -37.635
64.334 -37.048
64.297 -36.463
64.258 -35.880
64.216 -35.299
64.125 -34.143
64.075 -33.568
64.023 -32.995
63.912 -31.857
63.853 -31.292
56.204 -87.699
56.371 -87.372
56.537 -87.041
56.702 -86.706
56.866 -86.368
57.029 -86.026
57.191 -85.681
57.352 -85.332
57.513 -84.979
57.672 -84.623
57.830 -84.263
57.987 -83.899
58.142 -83.532
58.297 -83.161
58.451 -82.786
58.603 -82.407
58.754 -82.024
58.904 -81.637
59.053 -81.247
59.200 -80.852
59.346 -80.454
59.491 -80.051
59.634 -79.645
59.776 -79.234
59.917 -78.820
60.056 -78.401
60.194 -77.979
60.330 -77.552
61.840 -72.110
61.954 -71.629
62.067 -71.145
62.178 -70.657
62.287 -70.164
62.394 -69.668
62.499 -69.167
62.899 -67.127
62.994 -66.607
63.352 -64.491
63.436 -63.952
63.518 -63.411
63.598 -62.866
63.675 -62.317
63.750 -61.766
63.822 -61.211
63.893 -60.653
63.960 -60.092
64.026 -59.527
64.089 -58.960
64.149 -58.391
64.207 -57.818
64.263 -57.243
64.316 -56.665
64.366 -56.085
64.414 -55.503
64.460 -54.918
64.503 -54.332
64.543 -53.743
64.581 -53.153
64.616 -52.560
64.755 -40.543
64.734 -39.943
64.710 -39.345
64.684 -38.748
64.654 -38.152
64.622 -37.558
64.588 -36.966
64.551 -36.375
64.511 -35.786
64.469 -35.199
64.376 -34.031
64.326 -33.450
64.274 -32.872
56.385 -88.002
56.553 -87.674
56.720 -87.342
56.886 -87.007
57.052 -86.669
57.216 -86.327
57.379 -85.981
57.541 -85.631
57.703 -85.278
57.863 -84.921
58.022 -84.561
58.180 -84.196
58.337 -83.828
58.493 -83.456
58.648 -83.080
58.801 -82.700
58.953 -82.316
59.104 -81.928
59.254 -81.537
59.403 -81.141
59.550 -80.741
59.696 -80.337
59.840 -79.929
59.983 -79.517
60.125 -79.101
60.266 -78.681
60.404 -78.256
60.542 -77.828
62.065 -72.357
62.181 -71.873
62.295 -71.386
62.407 -70.894
62.517 -70.399
62.625 -69.899
63.135 -67.339
63.678 -64.140
63.760 -63.593
63.841 -63.044
63.919 -62.491
63.995 -61.934
64.068 -61.374
64.139 -60.811
64.207 -60.245
64.273 -59.675
64.337 -59.103
64.398 -58.528
64.457 -57.950
64.513 -57.369
64.567 -56.786
64.618 -56.200
64.666 -55.612
64.712 -55.022
64.756 -54.429
64.796 -53.835
64.835 -53.238
64.870 -52.640
65.011 -40.496
64.990 -39.890
64.966 -39.285
64.939 -38.682
64.909 -38.080
64.877 -37.480
64.842 -36.881
64.804 -36.284
64.764 -35.689
64.721 -35.096
64.676 -34.506
64.628 -33.917
64.577 -33.331
64.524 -32.747
56.565 -88.308
56.734 -87.980
56.903 -87.648
57.070 -87.313
57.236 -86.974
57.402 -86.631
57.566 -86.285
57.730 -85.935
57.892 -85.581
58.053 -85.223
58.214 -84.862
58.373 -84.497
58.531 -84.128
58.688 -83.755
58.844 -83.378
58.998 -82.997
59.152 -82.612
59.304 -82.223
59.455 -81.830
59.605 -81.433
59.753 -81.032
59.900 -80.627
60.046 -80.218
60.190 -79.804
60.333 -79.386
60.475 -78.964
60.615 -78.538
60.753 -78.108
62.172 -73.090
62.291 -72.608
62.407 -72.121
62.522 -71.631
62.635 -71.136
63.371 -67.556
63.919 -64.330
64.003 -63.780
64.084 -63.225
64.163 -62.667
64.239 -62.106
64.313 -61.541
64.385 -60.973
64.454 -60.401
64.521 -59.826
64.586 -59.249
64.647 -58.668
64.707 -58.085
64.764 -57.498
64.818 -56.909
64.870 -56.318
64.919 -55.724
64.965 -55.128
65.009 -54.529
65.050 -53.928
65.089 -53.326
65.125 -52.721
65.221 -39.224
65.194 -38.615
65.164 -38.007
65.131 -37.400
65.096 -36.795
65.058 -36.192
65.017 -35.591
64.974 -34.992
64.928 -34.395
64.880 -33.801
64.828 -33.209
64.775 -32.619
56.745 -88.617
56.915 -88.289
57.084 -87.957
57.253 -87.621
57.420 -87.282
57.587 -86.939
57.752 -86.592
57.917 -86.242
58.081 -85.887
58.243 -85.529
58.405 -85.167
58.565 -84.801
58.724 -84.432
58.883 -84.058
59.040 -83.680
59.195 -83.298
59.350 -82.912
59.503 -82.522
59.656 -82.128
59.806 -81.730
59.956 -81.328
60.104 -80.921
60.251 -80.510
60.397 -80.095
60.541 -79.676
60.684 -79.252
60.825 -78.824
60.964 -78.392
61.103 -77.955
61.239 -77.514
62.396 -73.348
62.516 -72.863
62.633 -72.374
62.750 -71.880
62.864 -71.382
64.160 -64.525
64.245 -63.969
64.327 -63.410
64.407 -62.847
64.484 -62.281
64.559 -61.711
64.632 -61.137
64.702 -60.561
64.769 -59.981
64.834 -59.397
64.897 -58.811
64.957 -58.222
65.014 -57.630
65.069 -57.035
65.121 -56.438
65.171 -55.838
65.218 -55.235
65.262 -54.631
65.304 -54.024
65.343 -53.415
65.379 -52.804
65.502 -39.779
65.477 -39.162
65.450 -38.546
65.419 -37.931
65.386 -37.318
65.351 -36.707
65.312 -36.098
65.271 -35.491
65.227 -34.885
65.181 -34.283
65.132 -33.682
65.080 -33.084
65.025 -32.489
56.924 -88.930
57.095 -88.602
57.265 -88.270
57.435 -87.934
57.604 -87.594
57.771 -87.251
57.938 -86.904
58.104 -86.553
58.269 -86.198
58.432 -85.839
58.595 -85.477
58.757 -85.110
58.917 -84.739
59.076 -84.365
59.235 -83.986
59.392 -83.603
59.547 -83.217
59.702 -82.826
59.855 -82.430
60.007 -82.031
60.158 -81.627
60.308 -81.219
60.456 -80.807
60.603 -80.390
60.748 -79.969
60.892 -79.544
61.034 -79.114
61.175 -78.680
61.315 -78.242
61.452 -77.799
62.246 -75.047
62.372 -74.573
62.497 -74.094
62.619 -73.610
62.740 -73.123
62.859 -72.630
62.976 -72.133
63.092 -71.632
64.402 -64.723
64.487 -64.163
64.570 -63.599
64.651 -63.031
64.729 -62.459
64.805 -61.884
64.878 -61.305
64.949 -60.723
65.017 -60.138
65.083 -59.549
65.146 -58.957
65.207 -58.362
65.265 -57.764
65.320 -57.164
65.373 -56.560
65.424 -55.954
65.471 -55.346
65.516 -54.735
65.558 -54.121
65.598 -53.506
65.675 -37.854
65.641 -37.235
65.605 -36.617
65.566 -36.001
65.525 -35.388
65.480 -34.776
65.433 -34.167
65.384 -33.561
65.331 -32.957
65.276 -32.356
65.219 -31.757
65.159 -31.162
56.928 -89.572
57.101 -89.247
57.274 -88.918
57.446 -88.586
57.616 -88.250
57.786 -87.910
57.955 -87.566
58.123 -87.219
58.290 -86.867
58.456 -86.512
58.621 -86.153
58.785 -85.790
58.947 -85.422
59.109 -85.051
59.270 -84.676
59.429 -84.296
59.587 -83.913
59.744 -83.525
59.900 -83.133
60.055 -82.737
60.208 -82.336
60.360 -81.931
60.511 -81.522
60.660 -81.108
60.808 -80.690
60.954 -80.268
61.099 -79.841
61.243 -79.409
61.385 -78.973
61.526 -78.533
61.665 -78.088
62.336 -75.795
62.465 -75.322
62.593 -74.845
62.719 -74.364
62.842 -73.878
62.965 -73.387
63.085 -72.891
63.203 -72.391
63.319 -71.887
64.643 -64.925
64.729 -64.360
64.813 -63.791
64.895 -63.218
64.974 -62.641
65.050 -62.061
65.124 -61.477
65.196 -60.889
65.265 -60.298
65.332 -59.704
65.396 -59.106
65.457 -58.505
65.516 -57.902
65.572 -57.295
65.625 -56.685
65.676 -56.073
65.724 -55.458
65.770 -54.841
65.812 -54.221
65.852 -53.599
65.860 -36.525
65.821 -35.903
65.778 -35.283
65.734 -34.665
65.686 -34.050
65.636 -33.437
65.583 -32.827
65.527 -32.220
65.469 -31.615
65.408 -31.014
65.345 -30.415
65.279 -29.820
57.104 -89.892
57.279 -89.567
57.452 -89.238
57.625 -88.906
57.797 -88.570
57.968 -88.229
58.138 -87.885
58.307 -87.538
58.475 -87.186
58.642 -86.830
58.808 -86.471
58.974 -86.107
59.137 -85.739
59.300 -85.367
59.462 -84.991
59.623 -84.611
59.782 -84.226
59.940 -83.837
60.097 -83.444
60.253 -83.047
60.408 -82.645
60.561 -82.239
60.713 -81.829
60.863 -81.414
61.012 -80.994
61.160 -80.570
61.307 -80.142
61.451 -79.709
61.595 -79.271
61.737 -78.829
61.877 -78.382
62.016 -77.930
62.422 -76.548
62.554 -76.077
62.685 -75.602
62.813 -75.123
62.940 -74.638
63.065 -74.149
63.188 -73.656
63.310 -73.157
63.429 -72.654
63.547 -72.146
64.795 -65.697
64.884 -65.131
64.971 -64.561
65.056 -63.987
65.138 -63.409
65.218 -62.827
65.296 -62.241
65.371 -61.652
65.443 -61.059
65.513 -60.462
65.580 -59.862
65.645 -59.258
65.707 -58.652
65.767 -58.042
65.824 -57.429
65.878 -56.813
65.929 -56.194
65.978 -55.573
66.024 -54.949
66.067 -54.323
66.107 -53.695
66.075 -35.803
66.033 -35.176
65.987 -34.552
65.939 -33.930
65.888 -33.311
65.835 -32.694
65.778 -32.081
65.719 -31.470
65.658 -30.863
65.594 -30.259
65.527 -29.658
65.457 -29.060
65.385 -28.466
64.627 -23.295
64.531 -22.741
57.455 -89.891
57.630 -89.562
57.804 -89.230
57.977 -88.893
58.149 -88.553
58.320 -88.209
58.491 -87.861
58.660 -87.508
58.828 -87.152
58.995 -86.792
59.162 -86.428
59.327 -86.060
59.491 -85.687
59.654 -85.310
59.816 -84.929
59.976 -84.544
60.136 -84.154
60.294 -83.760
60.451 -83.362
60.607 -82.959
60.761 -82.552
60.914 -82.140
61.066 -81.724
61.217 -81.303
61.366 -80.877
61.513 -80.447
61.659 -80.012
61.804 -79.573
61.947 -79.129
62.088 -78.680
62.228 -78.226
62.503 -77.305
62.638 -76.837
62.772 -76.365
62.903 -75.887
63.033 -75.405
63.161 -74.918
63.288 -74.426
63.412 -73.929
63.535 -73.428
63.655 -72.921
64.942 -66.479
65.035 -65.912
65.125 -65.342
65.213 -64.767
65.463 -63.017
65.541 -62.426
65.617 -61.831
65.690 -61.232
65.761 -60.629
65.829 -60.023
65.895 -59.414
65.958 -58.801
66.018 -58.185
66.075 -57.566
66.130 -56.943
66.182 -56.318
66.231 -55.690
66.278 -55.060
66.321 -54.427
66.362 -53.792
66.287 -35.066
66.241 -34.435
66.192 -33.807
66.141 -33.181
66.086 -32.559
66.029 -31.939
65.970 -31.322
65.908 -30.709
65.843 -30.098
65.775 -29.492
65.705 -28.888
65.632 -28.289
64.960 -23.634
64.866 -23.071
64.769 -22.513
57.806 -89.890
57.982 -89.557
58.156 -89.221
58.329 -88.880
58.502 -88.536
58.673 -88.187
58.844 -87.835
59.013 -87.479
59.182 -87.118
59.349 -86.753
59.515 -86.384
59.681 -86.011
59.845 -85.634
60.008 -85.252
60.170 -84.866
60.331 -84.476
60.490 -84.081
60.648 -83.681
60.805 -83.277
60.961 -82.869
61.115 -82.456
61.268 -82.038
61.420 -81.616
61.570 -81.189
61.719 -80.757
61.866 -80.321
62.157 -79.434
62.299 -78.983
62.441 -78.528
62.580 -78.067
62.718 -77.602
62.854 -77.132
62.989 -76.657
63.122 -76.177
63.253 -75.692
63.382 -75.202
63.510 -74.707
63.635 -74.207
63.759 -73.703
63.881 -73.193
65.181 -66.703
65.274 -66.132
65.366 -65.556
65.455 -64.976
65.864 -62.013
65.938 -61.409
66.009 -60.800
66.078 -60.188
66.144 -59.573
66.208 -58.954
66.269 -58.331
66.327 -57.705
66.382 -57.077
66.435 -56.445
66.485 -55.811
66.532 -55.173
66.576 -54.534
66.618 -53.891
66.495 -34.317
66.445 -33.682
66.393 -33.049
66.338 -32.420
66.281 -31.794
66.220 -31.171
66.157 -30.551
66.092 -29.935
66.023 -29.322
65.952 -28.713
65.879 -28.107
65.803 -27.506
65.724 -26.908
65.200 -23.411
65.104 -22.843
58.159 -89.889
58.334 -89.552
58.509 -89.211
58.682 -88.867
58.855 -88.518
59.027 -88.166
59.197 -87.809
59.367 -87.448
59.536 -87.083
59.703 -86.713
59.870 -86.340
60.035 -85.962
60.200 -85.579
60.363 -85.192
60.525 -84.801
60.685 -84.405
60.845 -84.005
61.003 -83.600
61.160 -83.191
61.316 -82.776
61.470 -82.357
61.623 -81.934
61.774 -81.505
61.924 -81.072
62.073 -80.634
62.220 -80.191
62.366 -79.744
62.510 -79.291
62.652 -78.833
62.793 -78.371
62.932 -77.903
63.070 -77.431
63.206 -76.953
63.340 -76.471
63.472 -75.983
63.603 -75.491
63.731 -74.993
63.858 -74.491
63.983 -73.983
64.106 -73.470
65.419 -66.932
65.514 -66.356
65.607 -65.775
65.697 -65.190
66.110 -62.200
66.185 -61.589
66.257 -60.975
66.327 -60.357
66.394 -59.735
66.458 -59.109
66.520 -58.481
66.579 -57.848
66.635 -57.213
66.688 -56.575
66.739 -55.933
66.786 -55.289
66.831 -54.642
66.873 -53.993
66.748 -34.195
66.699 -33.553
66.646 -32.914
66.590 -32.278
66.532 -31.646
66.471 -31.016
66.407 -30.390
66.341 -29.767
66.272 -29.149
66.200 -28.533
66.125 -27.922
66.048 -27.315
65.969 -26.712
65.886 -26.113
65.438 -23.183
65.342 -22.611
58.511 -89.887
58.687 -89.547
58.862 -89.202
59.036 -88.853
59.209 -88.500
59.381 -88.143
59.552 -87.782
59.721 -87.417
59.890 -87.047
60.058 -86.673
60.225 -86.294
60.390 -85.911
60.555 -85.523
60.718 -85.131
60.880 -84.735
61.041 -84.333
61.200 -83.928
61.358 -83.517
61.515 -83.102
61.671 -82.681
61.825 -82.256
61.978 -81.827
62.129 -81.392
62.279 -80.952
62.427 -80.508
62.574 -80.058
62.720 -79.604
62.863 -79.144
63.005 -78.680
63.146 -78.210
63.285 -77.735
63.422 -77.255
63.557 -76.770
63.691 -76.280
63.822 -75.785
63.952 -75.284
64.080 -74.779
64.207 -74.268
65.658 -67.165
65.754 -66.584
65.847 -65.998
66.432 -61.773
66.506 -61.153
66.576 -60.529
66.644 -59.901
66.709 -59.269
66.771 -58.633
66.831 -57.995
66.888 -57.352
66.941 -56.707
66.993 -56.059
67.041 -55.408
67.086 -54.754
67.128 -54.097
66.952 -33.422
66.899 -32.776
66.842 -32.134
66.783 -31.494
66.722 -30.858
66.657 -30.225
66.590 -29.597
66.520 -28.971
66.447 -28.350
66.372 -27.733
66.294 -27.120
66.213 -26.511
66.130 -25.907
66.045 -25.306
65.377 -21.234
58.865 -89.886
59.041 -89.541
59.216 -89.192
59.390 -88.839
59.563 -88.482
59.735 -88.121
59.906 -87.755
60.077 -87.384
60.246 -87.010
60.413 -86.631
60.580 -86.247
60.746 -85.859
60.910 -85.466
61.074 -85.069
61.236 -84.667
61.396 -84.260
61.556 -83.848
61.714 -83.432
61.871 -83.010
62.026 -82.584
62.180 -82.153
62.333 -81.717
62.484 -81.276
62.634 -80.829
62.782 -80.378
62.929 -79.922
63.074 -79.460
63.217 -78.994
63.359 -78.522
63.499 -78.045
63.637 -77.562
63.774 -77.075
63.909 -76.582
64.042 -76.084
64.173 -75.581
64.302 -75.072
65.896 -67.403
65.993 -66.817
66.088 -66.226
66.754 -61.335
66.825 -60.705
66.894 -60.070
66.960 -59.432
67.023 -58.790
67.083 -58.144
67.140 -57.495
67.195 -56.843
67.247 -56.187
67.295 -55.529
67.341 -54.868
67.384 -54.204
67.424 -53.537
67.205 -33.288
67.151 -32.635
67.095 -31.985
67.035 -31.339
66.972 -30.696
66.907 -30.057
66.839 -29.422
66.768 -28.790
66.695 -28.163
66.618 -27.540
66.540 -26.921
66.458 -26.306
66.374 -25.696
66.287 -25.090
66.198 -24.489
66.107 -23.892
65.716 -21.555
65.612 -20.983
65.506 -20.416
59.219 -89.885
59.395 -89.536
59.570 -89.183
59.745 -88.825
59.918 -88.463
60.091 -88.097
60.262 -87.727
60.432 -87.352
60.601 -86.972
60.769 -86.588
60.936 -86.199
61.102 -85.805
61.267 -85.407
61.430 -85.004
61.592 -84.597
61.753 -84.184
61.912 -83.766
62.070 -83.344
62.227 -82.916
62.382 -82.484
62.536 -82.046
62.689 -81.604
62.840 -81.156
62.989 -80.703
63.137 -80.245
63.284 -79.781
63.428 -79.313
63.571 -78.839
63.713 -78.359
63.852 -77.875
63.990 -77.385
64.126 -76.889
64.261 -76.389
64.393 -75.882
66.233 -67.055
66.328 -66.459
66.927 -62.154
67.002 -61.522
67.074 -60.885
67.143 -60.243
67.210 -59.598
67.274 -58.950
67.335 -58.297
67.393 -57.641
67.448 -56.981
67.501 -56.319
67.550 -55.653
67.597 -54.984
67.640 -54.313
67.681 -53.639
67.459 -33.151
67.404 -32.491
67.347 -31.834
67.286 -31.181
67.223 -30.531
67.157 -29.885
67.088 -29.243
67.016 -28.605
66.942 -27.972
66.865 -27.342
66.785 -26.717
66.703 -26.097
66.618 -25.481
66.530 -24.869
66.440 -24.262
66.347 -23.661
66.252 -23.064
65.952 -21.303
65.847 -20.726
65.740 -20.155
59.573 -89.883
59.750 -89.530
59.925 -89.172
60.100 -88.810
60.274 -88.444
60.446 -88.073
60.618 -87.698
60.788 -87.318
60.958 -86.933
61.126 -86.544
61.293 -86.150
61.459 -85.751
61.623 -85.347
61.787 -84.938
61.949 -84.525
62.110 -84.106
62.269 -83.683
62.893 -81.937
63.045 -81.488
63.196 -81.033
63.345 -80.573
63.493 -80.108
63.639 -79.637
63.783 -79.161
63.926 -78.679
64.067 -78.192
64.206 -77.700
64.343 -77.202
67.095 -62.986
67.174 -62.351
67.250 -61.712
67.323 -61.068
67.393 -60.421
67.461 -59.769
67.525 -59.113
67.587 -58.453
67.646 -57.790
67.702 -57.123
67.755 -56.453
67.805 -55.780
67.852 -55.104
67.896 -54.425
67.937 -53.743
67.713 -33.010
67.657 -32.343
67.599 -31.679
67.538 -31.019
67.474 -30.362
67.407 -29.709
67.337 -29.061
67.265 -28.416
67.189 -27.776
67.111 -27.140
67.031 -26.509
66.947 -25.882
66.861 -25.261
66.772 -24.643
66.681 -24.031
66.587 -23.424
66.491 -22.822
66.082 -20.465
59.928 -89.882
60.105 -89.524
60.281 -89.162
60.456 -88.795
60.630 -88.424
60.803 -88.049
60.975 -87.668
61.145 -87.283
61.315 -86.893
61.483 -86.499
61.650 -86.099
61.816 -85.694
61.981 -85.285
62.144 -84.870
62.306 -84.451
62.467 -84.026
62.626 -83.596
62.784 -83.161
62.941 -82.721
63.096 -82.275
63.250 -81.825
63.402 -81.368
63.552 -80.907
63.701 -80.439
63.849 -79.967
63.994 -79.488
64.138 -79.005
64.281 -78.515
64.421 -78.021
65.478 -73.858
67.342 -63.194
67.421 -62.553
67.498 -61.907
67.572 -61.257
67.643 -60.602
67.711 -59.943
67.777 -59.280
67.839 -58.613
67.899 -57.943
67.956 -57.269
68.009 -56.591
68.060 -55.910
68.108 -55.226
68.152 -54.539
68.194 -53.849
67.911 -32.192
67.852 -31.520
67.790 -30.853
67.725 -30.189
67.657 -29.529
67.586 -28.874
67.513 -28.223
67.437 -27.576
67.358 -26.934
67.276 -26.296
67.192 -25.664
67.104 -25.036
67.015 -24.413
66.923 -23.795
66.828 -23.182
66.730 -22.575
66.630 -21.973
66.528 -21.376
65.981 -18.473
60.284 -89.880
60.461 -89.518
60.638 -89.151
60.813 -88.780
60.987 -88.404
61.160 -88.023
61.332 -87.638
61.502 -87.248
61.672 -86.852
61.841 -86.452
62.008 -86.047
62.174 -85.637
62.338 -85.221
62.502 -84.801
62.664 -84.375
62.825 -83.944
62.984 -83.508
63.142 -83.066
63.298 -82.619
63.453 -82.167
63.607 -81.709
64.058 -80.302
64.205 -79.822
64.350 -79.336
64.494 -78.844
64.636 -78.347
64.776 -77.844
65.185 -76.300
65.318 -75.774
65.448 -75.242
65.577 -74.704
65.703 -74.160
65.828 -73.610
67.504 -64.049
67.588 -63.406
67.668 -62.759
67.746 -62.106
67.821 -61.449
67.893 -60.787
67.962 -60.122
68.028 -59.452
68.092 -58.777
68.152 -58.099
68.209 -57.417
68.264 -56.732
68.315 -56.043
68.363 -55.351
68.408 -54.656
68.451 -53.958
68.558 -51.848
68.164 -32.037
68.104 -31.358
68.041 -30.683
67.976 -30.012
67.907 -29.345
67.835 -28.683
67.761 -28.025
67.684 -27.372
67.604 -26.723
67.521 -26.079
67.436 -25.440
67.348 -24.806
67.257 -24.177
67.164 -23.554
67.068 -22.935
66.969 -22.322
66.868 -21.715
66.765 -21.113
66.659 -20.516
66.550 -19.926
66.212 -18.187
66.094 -17.619
60.641 -89.879
60.818 -89.512
60.994 -89.141
61.170 -88.764
61.344 -88.383
61.517 -87.997
61.689 -87.607
61.860 -87.211
62.030 -86.810
62.199 -86.404
62.366 -85.994
62.532 -85.577
62.697 -85.156
62.860 -84.729
63.022 -84.297
63.183 -83.860
63.342 -83.417
63.500 -82.969
63.656 -82.515
64.116 -81.119
64.266 -80.643
64.415 -80.161
64.561 -79.673
64.706 -79.179
64.850 -78.679
64.991 -78.173
65.131 -77.662
65.269 -77.144
65.404 -76.621
65.538 -76.092
65.670 -75.556
65.800 -75.015
65.928 -74.468
67.749 -64.273
67.834 -63.623
67.915 -62.969
67.994 -62.310
68.070 -61.646
68.143 -60.977
68.213 -60.304
68.280 -59.627
68.344 -58.945
68.405 -58.259
68.463 -57.570
68.518 -56.876
68.570 -56.180
68.619 -55.479
68.665 -54.776
68.708 -54.070
68.747 -53.360
68.783 -52.649
68.816 -51.934
68.846 -51.218
68.226 -29.831
68.157 -29.157
68.084 -28.487
68.009 -27.822
67.931 -27.162
67.850 -26.507
67.766 -25.857
67.680 -25.211
67.591 -24.571
67.499 -23.937
67.405 -23.307
67.307 -22.683
67.208 -22.065
67.106 -21.452
67.001 -20.845
66.894 -20.243
66.784 -19.648
60.997 -89.877
61.175 -89.506
61.352 -89.129
61.527 -88.748
61.702 -88.362
61.875 -87.971
62.048 -87.575
62.219 -87.174
62.389 -86.767
62.557 -86.356
62.725 -85.939
62.891 -85.516
63.056 -85.089
63.219 -84.656
63.381 -84.217
63.542 -83.773
63.701 -83.324
63.859 -82.868
64.015 -82.407
64.323 -81.468
64.474 -80.989
64.624 -80.505
64.772 -80.015
64.918 -79.519
65.063 -79.017
65.206 -78.509
65.347 -77.995
65.486 -77.474
65.623 -76.948
65.758 -76.416
65.892 -75.877
66.023 -75.333
66.152 -74.782
66.279 -74.225
66.404 -73.662
67.994 -64.502
68.080 -63.846
68.162 -63.185
68.242 -62.519
68.318 -61.848
68.392 -61.172
68.463 -60.491
68.531 -59.806
68.596 -59.117
68.658 -58.423
68.717 -57.726
68.773 -57.024
68.826 -56.319
68.875 -55.611
68.921 -54.899
68.965 -54.184
69.005 -53.466
69.041 -52.745
69.075 -52.022
69.105 -51.297
68.407 -28.964
68.333 -28.287
68.257 -27.615
68.178 -26.948
68.096 -26.286
68.012 -25.629
67.924 -24.978
67.834 -24.331
67.741 -23.690
67.645 -23.055
67.547 -22.425
67.446 -21.801
67.343 -21.183
67.237 -20.571
67.129 -19.964
67.018 -19.364
66.304 -15.887
66.178 -15.329
61.355 -89.876
61.533 -89.499
61.710 -89.118
61.886 -88.731
62.060 -88.340
62.234 -87.944
62.407 -87.542
62.578 -87.135
62.748 -86.723
62.917 -86.305
63.084 -85.882
63.250 -85.454
63.578 -84.580
63.901 -83.684
64.060 -83.227
64.528 -81.822
64.681 -81.342
64.832 -80.856
64.982 -80.364
65.130 -79.865
65.276 -79.361
65.420 -78.850
65.562 -78.333
65.703 -77.810
65.841 -77.281
65.978 -76.746
66.113 -76.204
66.245 -75.656
66.376 -75.102
66.504 -74.541
66.631 -73.974
66.755 -73.401
66.876 -72.822
68.058 -66.044
68.150 -65.393
68.239 -64.736
68.325 -64.073
68.409 -63.405
68.489 -62.732
68.567 -62.054
68.642 -61.371
68.714 -60.683
68.783 -59.990
68.849 -59.293
68.911 -58.591
68.971 -57.886
69.028 -57.176
69.081 -56.463
69.131 -55.746
69.178 -55.025
69.222 -54.301
69.262 -53.574
69.300 -52.845
69.334 -52.113
69.364 -51.378
68.582 -28.082
68.505 -27.403
68.425 -26.729
68.342 -26.060
68.256 -25.397
68.168 -24.738
68.076 -24.086
67.982 -23.439
67.886 -22.797
67.786 -22.162
67.684 -21.532
67.580 -20.909
67.473 -20.291
67.363 -19.679
67.251 -19.074
67.136 -18.475
61.713 -89.874
61.891 -89.493
62.068 -89.106
62.245 -88.714
62.420 -88.318
62.593 -87.916
62.766 -87.508
62.937 -87.095
63.107 -86.677
63.276 -86.254
63.444 -85.824
63.610 -85.389
64.733 -82.183
64.887 -81.701
65.040 -81.212
65.191 -80.718
65.340 -80.218
65.488 -79.711
65.633 -79.198
65.777 -78.678
65.919 -78.153
66.059 -77.621
66.197 -77.082
66.333 -76.537
66.467 -75.986
66.599 -75.428
66.729 -74.864
66.856 -74.293
66.982 -73.716
67.105 -73.133
67.226 -72.542
68.300 -66.297
68.393 -65.639
68.483 -64.975
68.571 -64.306
68.655 -63.631
68.737 -62.951
68.816 -62.265
68.892 -61.575
68.965 -60.879
69.034 -60.178
69.101 -59.473
69.165 -58.764
69.225 -58.050
69.282 -57.332
69.336 -56.610
69.387 -55.884
69.435 -55.154
69.479 -54.422
69.592 -52.205
69.624 -51.462
68.672 -26.505
68.588 -25.829
68.501 -25.158
68.411 -24.494
68.319 -23.835
68.224 -23.181
68.126 -22.534
68.025 -21.893
67.922 -21.257
67.816 -20.628
67.708 -20.005
67.597 -19.388
67.484 -18.778
67.368 -18.174
67.250 -17.576
62.072 -89.872
62.250 -89.486
62.428 -89.094
62.604 -88.697
62.779 -88.294
62.953 -87.887
63.126 -87.473
63.297 -87.055
63.468 -86.630
63.637 -86.200
63.804 -85.765
64.780 -83.026
64.937 -82.549
65.093 -82.065
65.247 -81.575
65.399 -81.079
65.550 -80.576
65.699 -80.067
65.846 -79.552
65.991 -79.030
66.134 -78.501
66.276 -77.966
66.415 -77.425
66.553 -76.877
66.688 -76.322
66.821 -75.761
66.953 -75.193
67.082 -74.618
67.208 -74.037
67.333 -73.449
67.455 -72.855
67.575 -72.254
68.542 -66.555
68.636 -65.890
68.728 -65.220
68.816 -64.544
68.902 -63.862
68.985 -63.175
69.065 -62.482
69.141 -61.783
69.215 -61.080
69.286 -60.372
69.353 -59.658
69.418 -58.940
69.479 -58.218
69.537 -57.491
69.592 -56.760
69.643 -56.025
69.692 -55.287
69.851 -52.301
69.883 -51.547
68.834 -25.592
68.746 -24.915
68.655 -24.243
68.561 -23.578
68.465 -22.918
68.366 -22.264
68.264 -21.617
68.159 -20.976
68.052 -20.341
67.943 -19.713
67.831 -19.091
67.716 -18.476
67.599 -17.867
67.479 -17.265
67.358 -16.669
67.234 -16.080
62.431 -89.871
62.610 -89.479
62.787 -89.081
62.964 -88.679
63.139 -88.271
63.313 -87.857
63.486 -87.438
63.658 -87.013
64.982 -83.401
65.140 -82.921
65.297 -82.436
65.453 -81.944
65.607 -81.446
65.759 -80.941
65.909 -80.430
66.058 -79.912
66.204 -79.388
66.349 -78.857
66.492 -78.319
66.633 -77.774
66.772 -77.223
66.909 -76.665
67.043 -76.100
67.176 -75.529
67.306 -74.950
67.435 -74.365
67.561 -73.773
67.684 -73.174
67.806 -72.569
68.686 -67.484
68.784 -66.819
68.879 -66.148
68.972 -65.471
69.062 -64.788
69.148 -64.099
69.232 -63.404
69.313 -62.703
69.391 -61.997
69.466 -61.286
69.537 -60.569
69.606 -59.848
69.671 -59.121
69.733 -58.390
69.792 -57.655
69.847 -56.915
69.900 -56.171
69.949 -55.423
69.994 -54.672
70.075 -53.159
70.111 -52.398
69.079 -25.349
68.990 -24.665
68.898 -23.987
68.803 -23.314
68.706 -22.648
68.605 -21.989
68.502 -21.335
68.397 -20.689
68.288 -20.048
68.177 -19.414
68.064 -18.787
67.948 -18.167
67.829 -17.553
67.709 -16.946
67.585 -16.346
67.460 -15.753
67.332 -15.166
67.202 -14.586
62.791 -89.869
62.970 -89.471
63.148 -89.069
63.324 -88.660
63.500 -88.246
63.674 -87.827
63.847 -87.401
64.019 -86.970
64.189 -86.533
64.359 -86.089
65.182 -83.781
65.343 -83.300
65.501 -82.813
65.658 -82.320
65.813 -81.820
65.967 -81.313
66.119 -80.799
66.269 -80.279
66.417 -79.752
66.563 -79.219
66.707 -78.678
66.850 -78.131
66.990 -77.576
67.128 -77.015
67.265 -76.447
67.531 -75.289
67.660 -74.700
67.788 -74.103
67.913 -73.500
68.035 -72.890
68.926 -67.761
69.026 -67.090
69.122 -66.412
69.216 -65.728
69.307 -65.038
69.395 -64.341
69.480 -63.639
69.561 -62.931
69.640 -62.217
69.716 -61.497
69.789 -60.772
69.858 -60.042
69.924 -59.307
69.987 -58.567
70.047 -57.822
70.103 -57.073
70.156 -56.320
70.206 -55.563
70.252 -54.802
70.295 -54.037
70.334 -53.269
69.234 -24.410
69.141 -23.724
69.045 -23.045
68.946 -22.373
68.845 -21.707
68.740 -21.047
68.633 -20.394
68.524 -19.748
68.411 -19.109
68.297 -18.477
68.179 -17.851
68.060 -17.233
67.937 -16.621
67.813 -16.017
67.686 -15.419
67.557 -14.828
67.425 -14.245
67.292 -13.668
67.156 -13.098
63.151 -89.867
63.330 -89.464
63.508 -89.056
63.685 -88.641
63.861 -88.221
64.036 -87.795
64.209 -87.363
64.381 -86.926
64.551 -86.482
64.720 -86.031
65.382 -84.168
65.544 -83.686
65.704 -83.197
65.863 -82.702
66.019 -82.200
66.174 -81.691
66.328 -81.175
66.479 -80.653
66.629 -80.124
66.776 -79.587
66.922 -79.044
67.066 -78.494
67.208 -77.936
67.348 -77.371
67.885 -75.041
68.014 -74.441
68.141 -73.833
68.265 -73.218
69.267 -67.367
69.365 -66.682
69.460 -65.991
69.552 -65.294
69.641 -64.590
69.727 -63.880
69.810 -63.164
69.890 -62.442
69.966 -61.714
70.040 -60.980
70.110 -60.242
70.177 -59.498
70.241 -58.749
70.302 -57.995
70.359 -57.236
70.413 -56.473
70.463 -55.706
70.510 -54.935
70.553 -54.161
70.630 -52.602
70.662 -51.818
69.478 -24.148
69.384 -23.455
69.287 -22.770
69.187 -22.090
69.084 -21.418
68.978 -20.752
68.870 -20.094
68.759 -19.442
68.645 -18.797
68.529 -18.159
68.410 -17.529
68.289 -16.905
68.166 -16.289
68.040 -15.680
67.911 -15.078
67.781 -14.483
67.648 -13.896
67.513 -13.316
67.375 -12.742
63.512 -89.865
63.691 -89.456
63.870 -89.042
64.047 -88.622
64.223 -88.195
64.397 -87.763
64.571 -87.325
64.743 -86.880
64.913 -86.429
65.083 -85.972
65.581 -84.561
65.744 -84.078
65.906 -83.588
66.066 -83.091
66.224 -82.587
66.381 -82.076
66.536 -81.558
66.689 -81.034
66.840 -80.502
66.989 -79.963
67.136 -79.417
67.282 -78.864
67.425 -78.303
67.566 -77.735
67.705 -77.160
68.110 -75.390
68.240 -74.785
68.368 -74.173
69.508 -67.650
69.607 -66.959
69.703 -66.261
69.796 -65.556
69.887 -64.845
69.974 -64.127
70.058 -63.403
70.139 -62.672
70.217 -61.936
70.291 -61.194
70.362 -60.446
70.430 -59.693
70.495 -58.935
70.557 -58.171
70.615 -57.403
70.669 -56.631
70.720 -55.854
70.768 -55.072
70.812 -54.288
70.852 -53.499
70.889 -52.707
70.923 -51.913
69.626 -23.180
69.528 -22.487
69.427 -21.801
69.322 -21.123
69.216 -20.451
69.106 -19.786
68.993 -19.128
68.878 -18.478
68.761 -17.835
68.641 -17.199
68.518 -16.571
68.393 -15.950
68.266 -15.336
68.136 -14.730
68.004 -14.131
67.869 -13.540
67.733 -12.956
67.594 -12.379
63.873 -89.863
64.053 -89.449
64.933 -87.285
65.105 -86.833
65.276 -86.375
65.445 -85.910
65.944 -84.476
66.268 -83.486
66.428 -82.981
66.586 -82.468
66.743 -81.948
66.897 -81.422
67.050 -80.887
67.201 -80.346
67.349 -79.797
67.496 -79.241
67.641 -78.677
67.784 -78.106
67.925 -77.528
68.063 -76.942
68.199 -76.348
68.333 -75.746
68.465 -75.137
68.595 -74.521
69.749 -67.941
69.849 -67.243
69.946 -66.537
70.041 -65.825
70.132 -65.106
70.221 -64.380
70.306 -63.648
70.388 -62.909
70.467 -62.164
70.542 -61.413
70.615 -60.656
70.684 -59.894
70.749 -59.126
70.811 -58.353
70.870 -57.575
70.926 -56.792
70.977 -56.005
71.026 -55.213
71.070 -54.418
71.111 -53.619
71.149 -52.816
71.183 -52.011
70.322 -26.500
70.238 -25.766
69.869 -22.898
69.769 -22.198
69.666 -21.505
69.561 -20.820
69.452 -20.142
69.341 -19.471
69.228 -18.808
69.111 -18.152
68.992 -17.503
68.871 -16.862
68.747 -16.229
68.620 -15.603
68.491 -14.985
68.360 -14.375
68.226 -13.772
68.090 -13.177
67.952 -12.589
67.812 -12.009
65.296 -87.243
65.468 -86.785
65.639 -86.319
65.808 -85.847
65.976 -85.368
66.142 -84.882
66.470 -83.889
67.259 -81.280
67.411 -80.736
67.562 -80.185
67.710 -79.626
67.857 -79.059
68.001 -78.485
68.143 -77.903
68.283 -77.313
68.421 -76.716
68.556 -76.110
68.690 -75.497
68.821 -74.876
70.091 -67.533
70.189 -66.821
70.285 -66.101
70.378 -65.374
70.467 -64.640
70.554 -63.899
70.637 -63.152
70.717 -62.398
70.793 -61.638
70.867 -60.872
70.937 -60.100
71.003 -59.323
71.066 -58.540
71.126 -57.752
71.182 -56.958
71.235 -56.161
71.284 -55.358
71.329 -54.552
71.371 -53.742
71.409 -52.928
70.570 -26.250
70.485 -25.508
70.396 -24.773
70.304 -24.044
70.209 -23.323
70.111 -22.609
70.010 -21.902
69.906 -21.202
69.799 -20.510
69.689 -19.826
69.577 -19.149
69.461 -18.479
69.344 -17.818
69.223 -17.164
69.100 -16.518
68.975 -15.880
68.847 -15.249
68.716 -14.627
68.583 -14.012
68.448 -13.405
68.311 -12.806
68.171 -12.214
68.029 -11.631
65.832 -86.735
66.003 -86.261
66.172 -85.781
66.340 -85.294
67.621 -81.134
67.773 -80.580
67.923 -80.018
68.071 -79.449
68.217 -78.871
68.361 -78.286
68.502 -77.693
68.642 -77.091
68.779 -76.482
68.914 -75.864
70.332 -67.831
70.432 -67.111
70.529 -66.383
70.623 -65.648
70.714 -64.906
70.801 -64.157
70.885 -63.401
70.967 -62.639
71.044 -61.869
71.119 -61.094
71.190 -60.312
71.257 -59.525
71.321 -58.732
71.382 -57.933
71.439 -57.129
71.492 -56.321
71.542 -55.508
71.630 -53.869
70.731 -25.243
70.641 -24.499
70.548 -23.763
70.452 -23.034
70.352 -22.312
70.250 -21.598
70.144 -20.892
70.036 -20.193
69.925 -19.502
69.811 -18.819
69.695 -18.143
69.575 -17.476
69.453 -16.817
69.329 -16.165
69.202 -15.522
69.072 -14.887
68.940 -14.260
68.806 -13.641
68.669 -13.030
66.367 -86.202
66.536 -85.714
67.830 -81.540
67.984 -80.983
68.135 -80.419
68.285 -79.846
68.432 -79.266
68.578 -78.677
68.721 -78.080
68.862 -77.475
69.001 -76.862
69.137 -76.240
69.271 -75.610
70.573 -68.137
70.674 -67.409
70.773 -66.673
70.868 -65.930
70.960 -65.180
71.049 -64.422
71.134 -63.657
71.216 -62.885
71.295 -62.107
71.371 -61.322
71.443 -60.530
71.511 -59.732
71.576 -58.929
71.638 -58.120
71.695 -57.305
71.750 -56.485
71.800 -55.661
70.978 -24.971
70.886 -24.219
70.490 -21.287
70.383 -20.573
70.273 -19.868
70.161 -19.170
70.045 -18.481
69.927 -17.799
69.806 -17.126
69.683 -16.462
69.557 -15.805
69.428 -15.157
69.297 -14.517
69.164 -13.885
69.028 -13.262
68.890 -12.647
66.561 -86.630
68.038 -81.953
68.193 -81.394
68.347 -80.827
68.498 -80.252
68.647 -79.668
68.794 -79.076
68.939 -78.476
69.081 -77.867
69.221 -77.249
69.359 -76.624
69.495 -75.989
70.708 -69.177
70.813 -68.450
70.916 -67.714
71.016 -66.971
71.112 -66.220
71.206 -65.461
71.296 -64.694
71.382 -63.920
71.466 -63.139
71.546 -62.351
71.622 -61.556
71.696 -60.754
71.765 -59.946
71.831 -59.132
71.893 -58.312
71.952 -57.486
72.007 -56.655
72.058 -55.819
71.224 -24.692
71.131 -23.931
70.834 -21.697
70.729 -20.968
70.621 -20.247
70.510 -19.534
70.396 -18.830
70.279 -18.134
70.159 -17.447
70.037 -16.768
69.912 -16.098
69.785 -15.436
69.654 -14.783
69.522 -14.139
69.387 -13.503
69.249 -12.875
68.245 -82.375
68.402 -81.813
68.557 -81.244
68.710 -80.665
68.860 -80.079
69.009 -79.484
69.155 -78.880
69.300 -78.267
69.442 -77.646
69.581 -77.016
70.836 -70.232
70.946 -69.506
71.054 -68.771
71.158 -68.028
71.259 -67.277
71.357 -66.517
71.451 -65.749
71.543 -64.974
71.631 -64.190
71.715 -63.400
71.796 -62.602
71.874 -61.796
71.948 -60.984
72.019 -60.165
72.086 -59.340
72.149 -58.509
72.209 -57.672
72.264 -56.829
72.317 -55.981
71.075 -21.377
70.968 -20.640
70.858 -19.912
70.746 -19.193
70.630 -18.482
70.512 -17.780
70.391 -17.087
70.267 -16.402
70.141 -15.726
70.011 -15.059
69.880 -14.401
69.745 -13.752
69.609 -13.111
69.470 -12.479
68.921 -81.088
69.073 -80.498
69.223 -79.900
69.371 -79.292
69.517 -78.676
69.661 -78.051
69.802 -77.417
71.073 -70.577
71.185 -69.843
71.293 -69.101
71.399 -68.350
71.501 -67.590
71.601 -66.822
71.697 -66.046
71.789 -65.261
71.878 -64.468
71.964 -63.668
72.047 -62.859
72.126 -62.044
72.201 -61.221
72.273 -60.392
72.341 -59.555
72.405 -58.712
72.465 -57.864
72.522 -57.009
72.575 -56.149
71.521 -22.563
71.420 -21.801
71.315 -21.049
71.207 -20.304
71.095 -19.569
70.981 -18.843
70.864 -18.125
70.745 -17.417
70.622 -16.717
70.496 -16.027
70.368 -15.345
70.237 -14.673
70.104 -14.010
69.968 -13.356
69.830 -12.711
69.689 -12.075
67.310 -87.466
67.484 -86.967
67.657 -86.460
69.131 -81.519
69.285 -80.926
69.437 -80.325
69.586 -79.714
69.734 -79.094
69.879 -78.465
70.022 -77.827
71.309 -70.930
71.422 -70.189
71.533 -69.439
71.640 -68.680
71.743 -67.912
71.844 -67.135
71.942 -66.350
72.036 -65.556
72.126 -64.754
72.213 -63.943
72.297 -63.125
72.377 -62.299
72.453 -61.465
72.526 -60.624
72.595 -59.776
72.660 -58.922
72.722 -58.061
72.779 -57.194
72.833 -56.322
71.864 -23.021
71.764 -22.242
71.661 -21.473
71.554 -20.712
71.445 -19.960
71.332 -19.217
71.216 -18.484
71.098 -17.759
70.976 -17.044
70.852 -16.339
70.725 -15.642
70.595 -14.955
70.463 -14.278
70.328 -13.610
70.190 -12.951
70.050 -12.302
67.501 -87.924
67.676 -87.424
67.851 -86.916
68.023 -86.399
68.194 -85.874
69.340 -81.959
69.495 -81.363
69.649 -80.759
70.097 -78.889
70.241 -78.247
71.427 -72.032
71.545 -71.293
71.660 -70.545
71.771 -69.787
71.880 -69.020
71.985 -68.243
72.087 -67.458
72.186 -66.663
72.282 -65.860
72.373 -65.047
72.462 -64.227
72.547 -63.398
72.628 -62.561
72.706 -61.716
72.780 -60.864
72.850 -60.004
72.916 -59.138
72.978 -58.265
73.037 -57.385
73.092 -56.500
72.300 -24.302
72.205 -23.497
72.107 -22.701
72.006 -21.913
71.901 -21.135
71.793 -20.366
71.682 -19.606
71.568 -18.856
71.451 -18.115
71.331 -17.384
71.208 -16.662
71.082 -15.951
70.953 -15.248
70.822 -14.556
70.687 -13.873
70.551 -13.200
70.412 -12.537
70.270 -11.883
70.126 -11.239
67.690 -88.389
67.867 -87.889
68.043 -87.380
68.217 -86.862
68.390 -86.336
68.561 -85.802
68.730 -85.259
69.547 -82.408
69.705 -81.810
69.860 -81.202
70.460 -78.676
71.538 -73.147
71.661 -72.411
71.780 -71.665
71.896 -70.909
72.010 -70.144
72.120 -69.368
72.227 -68.583
72.330 -67.789
72.430 -66.985
72.527 -66.172
72.621 -65.350
72.710 -64.519
72.797 -63.679
72.879 -62.831
72.958 -61.975
73.033 -61.111
73.104 -60.239
73.172 -59.360
73.235 -58.474
73.294 -57.582
73.350 -56.683
72.639 -24.816
72.546 -23.992
72.450 -23.177
72.350 -22.371
72.248 -21.575
72.141 -20.788
72.032 -20.011
71.919 -19.243
71.803 -18.485
71.685 -17.737
71.563 -16.999
71.438 -16.271
71.311 -15.553
71.180 -14.845
71.047 -14.147
70.911 -13.459
70.773 -12.781
70.632 -12.113
70.489 -11.455
70.343 -10.807
68.057 -88.362
68.234 -87.852
68.410 -87.334
68.585 -86.807
68.757 -86.272
68.928 -85.727
69.097 -85.173
69.754 -82.866
71.642 -74.276
71.769 -73.543
71.893 -72.801
72.014 -72.047
72.132 -71.284
72.247 -70.510
72.359 -69.727
72.467 -68.933
72.573 -68.129
72.674 -67.316
72.773 -66.493
72.867 -65.661
72.958 -64.819
73.046 -63.969
73.130 -63.109
73.210 -62.241
73.286 -61.365
73.359 -60.481
73.427 -59.590
73.491 -58.691
73.552 -57.785
73.608 -56.873
72.886 -24.507
72.593 -22.033
72.489 -21.227
72.381 -20.431
72.270 -19.646
72.156 -18.870
72.038 -18.104
71.918 -17.349
71.794 -16.604
71.668 -15.870
71.539 -15.145
71.407 -14.432
71.272 -13.728
71.134 -13.035
70.994 -12.352
70.851 -11.679
70.706 -11.017
70.559 -10.365
70.409 -9.722
70.256 -9.090
68.602 -87.814
68.778 -87.287
68.952 -86.750
69.125 -86.204
69.296 -85.649
69.797 -83.928
69.960 -83.334
72.000 -73.950
72.125 -73.200
72.248 -72.440
72.368 -71.669
72.484 -70.887
72.598 -70.095
72.708 -69.292
72.814 -68.480
72.918 -67.657
73.017 -66.824
73.114 -65.981
73.206 -65.129
73.295 -64.267
73.380 -63.396
73.462 -62.516
73.539 -61.628
73.613 -60.731
73.682 -59.826
73.748 -58.914
73.809 -57.995
73.867 -57.068
72.938 -22.509
72.835 -21.684
72.729 -20.869
72.620 -20.065
72.507 -19.271
72.391 -18.487
72.272 -17.714
72.150 -16.951
72.025 -16.199
71.897 -15.458
71.766 -14.727
71.632 -14.008
71.496 -13.299
71.356 -12.600
71.214 -11.912
71.070 -11.235
70.923 -10.569
70.773 -9.912
70.622 -9.267
70.468 -8.631
70.311 -8.006
68.792 -88.303
68.970 -87.775
69.146 -87.238
69.320 -86.691
69.493 -86.135
69.664 -85.569
69.832 -84.993
69.999 -84.408
72.229 -74.367
72.357 -73.610
72.481 -72.843
72.603 -72.064
72.721 -71.274
72.836 -70.474
72.948 -69.662
73.056 -68.840
73.161 -68.007
73.262 -67.164
73.360 -66.311
73.454 -65.448
73.544 -64.574
73.631 -63.692
73.713 -62.800
73.792 -61.899
73.867 -60.989
73.938 -60.071
74.004 -59.145
74.067 -58.211
74.125 -57.270
73.472 -24.726
73.379 -23.861
73.282 -23.006
73.181 -22.160
73.077 -21.326
72.969 -20.501
72.859 -19.688
72.744 -18.885
72.627 -18.093
72.506 -17.312
72.382 -16.542
72.255 -15.783
72.125 -15.035
71.992 -14.299
71.857 -13.573
71.718 -12.859
71.577 -12.155
71.434 -11.462
71.287 -10.781
71.139 -10.110
70.987 -9.450
70.834 -8.801
70.678 -8.162
70.520 -7.534
68.981 -88.802
69.160 -88.273
69.338 -87.734
69.514 -87.187
69.689 -86.629
69.861 -86.062
70.032 -85.485
70.201 -84.898
72.458 -74.795
72.587 -74.032
72.714 -73.257
72.837 -72.470
72.957 -71.672
73.073 -70.863
73.187 -70.043
73.297 -69.211
73.403 -68.368
73.506 -67.515
73.605 -66.651
73.701 -65.776
73.793 -64.891
73.881 -63.997
73.965 -63.092
74.045 -62.178
74.121 -61.255
74.193 -60.323
74.260 -59.383
74.324 -58.435
74.383 -57.479
73.719 -24.400
73.625 -23.523
73.424 -21.801
73.318 -20.957
73.209 -20.123
73.096 -19.300
72.980 -18.489
72.861 -17.688
72.739 -16.900
72.613 -16.122
72.484 -15.356
72.353 -14.602
72.218 -13.859
72.081 -13.127
71.940 -12.407
71.797 -11.699
71.652 -11.001
71.504 -10.315
71.353 -9.640
71.200 -8.977
71.045 -8.324
70.887 -7.682
70.727 -7.051
70.565 -6.430
68.985 -89.829
69.168 -89.309
69.349 -88.780
69.529 -88.241
69.707 -87.692
69.883 -87.134
70.057 -86.566
72.552 -75.994
72.686 -75.235
72.817 -74.465
72.945 -73.682
73.070 -72.888
73.192 -72.082
73.310 -71.264
73.425 -70.434
73.537 -69.593
73.645 -68.740
73.750 -67.876
73.850 -67.001
73.948 -66.115
74.041 -65.219
74.130 -64.311
74.216 -63.394
74.297 -62.467
74.374 -61.530
74.448 -60.584
74.516 -59.629
74.581 -58.666
74.641 -57.695
73.559 -20.577
73.448 -19.733
73.334 -18.901
73.216 -18.081
73.095 -17.272
72.971 -16.476
72.843 -15.691
72.713 -14.918
72.579 -14.157
72.443 -13.408
72.303 -12.670
72.161 -11.945
72.016 -11.231
71.869 -10.529
71.719 -9.839
71.567 -9.160
71.412 -8.492
71.254 -7.836
71.095 -7.191
70.933 -6.557
70.769 -5.934
70.603 -5.322
69.354 -89.826
69.537 -89.296
69.718 -88.757
69.898 -88.208
70.076 -87.649
70.252 -87.079
72.777 -76.452
72.913 -75.687
73.046 -74.909
73.176 -74.120
73.303 -73.317
73.426 -72.503
73.547 -71.676
73.663 -70.837
73.777 -69.986
73.887 -69.124
73.993 -68.249
74.095 -67.363
74.194 -66.465
74.289 -65.556
74.379 -64.636
74.466 -63.706
74.549 -62.765
74.628 -61.814
74.702 -60.854
74.772 -59.884
74.838 -58.905
74.900 -57.918
73.908 -21.050
73.799 -20.185
73.686 -19.332
73.570 -18.491
73.451 -17.661
73.328 -16.845
73.202 -16.040
73.073 -15.248
72.940 -14.468
72.805 -13.700
72.666 -12.945
72.525 -12.202
72.381 -11.471
72.235 -10.752
72.085 -10.045
71.933 -9.351
71.779 -8.668
71.622 -7.997
71.463 -7.337
71.301 -6.690
71.137 -6.053
70.971 -5.428
70.803 -4.814
69.723 -89.822
69.906 -89.283
70.088 -88.733
70.268 -88.174
73.139 -76.151
73.274 -75.366
73.406 -74.569
73.535 -73.759
73.660 -72.936
73.782 -72.101
73.901 -71.253
74.016 -70.392
74.127 -69.519
74.235 -68.633
74.339 -67.735
74.440 -66.826
74.536 -65.905
74.628 -64.972
74.717 -64.028
74.801 -63.073
74.881 -62.108
74.957 -61.132
75.028 -60.147
75.095 -59.153
75.158 -58.150
74.149 -20.658
74.038 -19.782
73.924 -18.919
73.806 -18.068
73.685 -17.230
73.560 -16.404
73.432 -15.592
73.301 -14.792
73.167 -14.005
73.029 -13.231
72.889 -12.469
72.746 -11.720
72.600 -10.984
72.451 -10.261
72.300 -9.550
72.146 -8.851
71.990 -8.164
71.831 -7.490
71.670 -6.827
71.506 -6.176
71.341 -5.537
71.173 -4.910
71.003 -4.294
70.831 -3.689
69.760 -0.285
70.092 -89.819
70.276 -89.269
70.458 -88.709
73.365 -76.628
73.501 -75.836
73.635 -75.032
73.766 -74.214
73.893 -73.382
74.017 -72.538
74.137 -71.680
74.254 -70.810
74.368 -69.926
74.477 -69.029
74.583 -68.120
74.685 -67.198
74.783 -66.264
74.877 -65.318
74.967 -64.361
75.053 -63.392
75.134 -62.412
75.211 -61.421
75.284 -60.420
75.352 -59.409
75.416 -58.389
74.277 -19.366
74.161 -18.493
74.041 -17.632
73.918 -16.785
73.791 -15.952
73.662 -15.131
73.528 -14.324
73.392 -13.530
73.253 -12.749
73.111 -11.981
72.966 -11.227
72.818 -10.485
72.667 -9.757
72.514 -9.041
72.358 -8.338
72.200 -7.648
72.039 -6.970
71.876 -6.305
71.710 -5.652
71.543 -5.010
71.373 -4.381
71.201 -3.763
71.027 -3.157
70.494 -1.404
70.462 -89.816
70.646 -89.255
71.008 -88.101
71.186 -87.507
73.589 -77.118
73.728 -76.319
73.863 -75.507
73.996 -74.681
74.125 -73.842
74.251 -72.988
74.373 -72.121
74.492 -71.241
74.607 -70.346
74.718 -69.438
74.826 -68.517
74.930 -67.583
75.029 -66.636
75.125 -65.677
75.217 -64.705
75.304 -63.721
75.387 -62.726
75.465 -61.719
75.539 -60.702
75.609 -59.675
75.674 -58.638
74.630 -19.834
74.515 -18.937
74.397 -18.054
74.276 -17.184
74.150 -16.328
74.022 -15.485
73.890 -14.657
73.755 -13.842
73.617 -13.041
73.476 -12.254
73.331 -11.480
73.184 -10.720
73.034 -9.973
72.882 -9.240
72.726 -8.520
72.568 -7.814
72.408 -7.120
72.245 -6.439
72.080 -5.771
71.913 -5.115
71.743 -4.471
71.571 -3.840
71.397 -3.221
71.222 -2.613
71.044 -2.017
70.833 -89.812
71.017 -89.240
71.199 -88.657
72.249 -84.909
73.521 -79.189
73.668 -78.412
73.812 -77.621
73.953 -76.816
74.090 -75.997
74.225 -75.163
74.356 -74.315
74.484 -73.453
74.608 -72.576
74.729 -71.685
74.846 -70.780
74.959 -69.861
75.069 -68.928
75.174 -67.981
75.275 -67.021
75.373 -66.048
75.466 -65.061
75.555 -64.063
75.639 -63.052
75.719 -62.029
75.794 -60.995
75.865 -59.950
74.981 -20.325
74.869 -19.403
74.753 -18.495
74.633 -17.601
74.509 -16.722
74.382 -15.856
74.251 -15.005
74.118 -14.169
73.980 -13.346
73.840 -12.539
73.697 -11.745
73.551 -10.965
73.401 -10.200
73.249 -9.448
73.095 -8.710
72.937 -7.986
72.777 -7.276
72.615 -6.579
72.450 -5.895
72.283 -5.224
72.114 -4.566
71.942 -3.920
71.768 -3.287
71.592 -2.667
71.414 -2.058
71.235 -1.461
71.203 -89.808
71.387 -89.225
72.278 -86.126
72.450 -85.469
73.432 -81.241
73.587 -80.487
73.739 -79.719
73.888 -78.937
74.034 -78.139
74.177 -77.327
74.316 -76.501
74.453 -75.659
74.586 -74.803
74.716 -73.931
74.842 -73.045
74.965 -72.143
75.084 -71.227
75.199 -70.297
75.310 -69.352
75.418 -68.392
75.521 -67.419
75.620 -66.431
75.715 -65.430
75.805 -64.416
75.891 -63.389
75.973 -62.350
76.049 -61.298
76.122 -60.236
75.332 -20.839
75.222 -19.891
75.107 -18.957
74.989 -18.039
74.867 -17.134
74.742 -16.245
74.612 -15.371
74.480 -14.511
74.344 -13.666
74.205 -12.837
74.063 -12.022
73.917 -11.222
73.769 -10.436
73.617 -9.665
73.463 -8.909
73.307 -8.167
73.147 -7.439
72.985 -6.725
72.821 -6.024
72.654 -5.338
72.484 -4.664
72.313 -4.004
72.139 -3.357
71.963 -2.723
71.786 -2.101
71.606 -1.491
71.424 -0.893
71.575 -89.804
72.476 -86.701
72.650 -86.042
72.822 -85.369
73.644 -81.795
73.801 -81.037
73.955 -80.264
74.106 -79.475
74.254 -78.672
74.399 -77.853
74.541 -77.019
74.680 -76.170
74.815 -75.305
74.947 -74.424
75.076 -73.528
75.200 -72.617
75.321 -71.690
75.438 -70.747
75.552 -69.790
75.661 -68.817
75.766 -67.830
75.867 -66.828
75.963 -65.812
76.055 -64.782
76.143 -63.739
76.226 -62.682
75.461 -19.443
75.345 -18.497
75.225 -17.567
75.101 -16.653
74.973 -15.754
74.842 -14.870
74.707 -14.002
74.569 -13.149
74.428 -12.312
74.284 -11.490
74.136 -10.684
73.986 -9.893
73.832 -9.117
73.676 -8.356
73.517 -7.609
73.355 -6.877
73.191 -6.160
73.025 -5.456
72.856 -4.767
72.684 -4.092
72.511 -3.430
72.335 -2.781
72.157 -2.145
71.977 -1.522
71.795 -0.912
71.612 -0.314
71.946 -89.800
72.848 -86.629
73.021 -85.954
73.193 -85.265
73.362 -84.562
73.529 -83.844
73.693 -83.111
73.855 -82.364
74.014 -81.601
74.170 -80.823
74.324 -80.029
74.474 -79.220
74.621 -78.395
74.765 -77.554
74.906 -76.696
75.043 -75.823
75.177 -74.933
75.308 -74.028
75.435 -73.106
75.558 -72.167
75.677 -71.213
75.792 -70.243
75.903 -69.258
76.010 -68.256
76.113 -67.240
75.815 -19.953
75.700 -18.979
75.582 -18.022
75.460 -17.081
75.333 -16.156
75.204 -15.247
75.070 -14.354
74.934 -13.477
74.794 -12.617
74.650 -11.772
74.504 -10.944
74.354 -10.131
74.201 -9.334
74.046 -8.553
73.887 -7.787
73.726 -7.037
73.562 -6.301
73.396 -5.581
73.227 -4.875
73.056 -4.183
72.883 -3.505
72.707 -2.842
72.529 -2.191
72.349 -1.555
72.167 -0.931
71.983 -0.321
71.797 0.278
71.610 0.863
72.318 -89.796
73.220 -86.553
73.394 -85.862
73.565 -85.156
73.734 -84.435
73.900 -83.699
74.064 -82.948
74.225 -82.181
74.384 -81.398
74.539 -80.599
74.692 -79.784
74.841 -78.952
74.988 -78.104
75.131 -77.239
75.270 -76.357
75.406 -75.458
75.539 -74.543
75.668 -73.610
75.793 -72.661
75.914 -71.695
76.032 -70.712
76.145 -69.713
76.254 -68.698
76.055 -19.486
75.938 -18.500
75.818 -17.531
75.693 -16.578
75.565 -15.642
75.433 -14.723
75.298 -13.821
75.159 -12.936
75.017 -12.068
74.871 -11.216
74.722 -10.381
74.570 -9.563
74.415 -8.760
74.257 -7.974
74.097 -7.204
73.933 -6.450
73.767 -5.711
73.599 -4.987
73.428 -4.278
73.255 -3.584
73.079 -2.905
72.901 -2.240
72.721 -1.589
72.539 -0.951
72.355 -0.327
72.169 0.283
71.981 0.881
71.792 1.467
72.690 -89.791
72.875 -89.156
73.766 -85.765
73.937 -85.042
74.106 -84.303
74.272 -83.548
74.435 -82.777
74.596 -81.989
75.060 -79.526
75.209 -78.671
75.354 -77.798
75.496 -76.908
75.634 -76.000
75.769 -75.075
75.900 -74.132
76.028 -73.172
76.151 -72.194
76.270 -71.198
76.386 -70.185
76.408 -20.020
76.294 -19.003
76.175 -18.004
76.053 -17.023
75.926 -16.058
75.796 -15.112
75.662 -14.183
75.524 -13.272
75.383 -12.378
75.238 -11.502
75.090 -10.644
74.939 -9.802
74.785 -8.978
74.628 -8.170
74.468 -7.379
74.305 -6.605
74.139 -5.847
73.971 -5.105
73.800 -4.378
73.627 -3.667
73.452 -2.971
73.274 -2.291
73.094 -1.624
72.912 -0.972
72.727 -0.335
72.541 0.290
72.353 0.900
72.163 1.498
71.972 2.083
73.063 -89.787
73.248 -89.137
73.430 -88.473
73.611 -87.794
73.789 -87.100
73.965 -86.390
74.139 -85.664
74.310 -84.922
74.478 -84.164
74.644 -83.389
75.429 -79.255
75.576 -78.375
75.721 -77.477
75.861 -76.560
75.998 -75.625
76.132 -74.672
76.261 -73.700
76.387 -72.709
76.508 -71.701
76.626 -70.674
76.739 -69.629
76.761 -20.582
76.649 -19.533
76.532 -18.503
76.411 -17.491
76.287 -16.497
76.158 -15.521
76.025 -14.564
75.889 -13.625
75.749 -12.705
75.605 -11.803
75.459 -10.919
75.308 -10.054
75.155 -9.206
74.998 -8.376
74.839 -7.563
74.676 -6.768
74.511 -5.989
74.343 -5.228
74.173 -4.483
74.000 -3.754
73.824 -3.041
73.647 -2.344
73.467 -1.662
73.284 -0.994
73.100 -0.342
72.914 0.296
72.726 0.920
72.535 1.530
72.343 2.127
72.150 2.711
73.436 -89.782
73.621 -89.117
73.804 -88.437
73.984 -87.742
74.162 -87.030
74.338 -86.303
74.511 -85.558
75.647 -79.858
75.797 -78.970
75.944 -78.064
76.087 -77.138
76.226 -76.193
76.362 -75.229
76.494 -74.246
76.621 -73.244
76.745 -72.222
76.865 -71.181
77.298 -66.831
76.769 -17.985
76.647 -16.959
76.520 -15.953
76.389 -14.966
76.254 -13.998
76.115 -13.049
75.973 -12.120
75.827 -11.210
75.677 -10.318
75.525 -9.446
75.369 -8.592
75.210 -7.756
75.048 -6.939
74.884 -6.139
74.716 -5.357
74.546 -4.593
74.373 -3.845
74.198 -3.114
74.020 -2.399
73.840 -1.700
73.658 -1.018
73.473 -0.350
73.287 0.303
73.098 0.941
72.908 1.564
72.716 2.174
72.521 2.770
72.326 3.352
73.809 -89.777
73.994 -89.096
74.177 -88.400
74.358 -87.687
74.536 -86.958
75.708 -81.354
75.864 -80.479
76.016 -79.584
76.165 -78.670
76.311 -77.735
76.453 -76.781
76.591 -75.806
76.725 -74.812
76.855 -73.797
76.981 -72.762
77.103 -71.707
77.220 -70.632
77.333 -69.538
77.441 -68.424
77.545 -67.291
77.243 -19.585
77.127 -18.506
77.006 -17.447
76.881 -16.408
76.751 -15.389
76.618 -14.391
76.481 -13.412
76.340 -12.454
76.195 -11.516
76.047 -10.597
75.895 -9.699
75.740 -8.820
75.582 -7.960
75.420 -7.119
75.256 -6.297
75.089 -5.493
74.919 -4.708
74.746 -3.940
74.571 -3.190
74.394 -2.457
74.214 -1.741
74.031 -1.042
73.847 -0.358
73.660 0.310
73.471 0.962
73.281 1.600
73.088 2.222
72.894 2.831
72.697 3.425
72.499 4.006
74.183 -89.771
74.368 -89.074
74.551 -88.361
75.760 -82.862
75.921 -82.001
76.079 -81.119
76.234 -80.218
76.386 -79.295
76.534 -78.352
76.678 -77.389
76.818 -76.404
76.955 -75.398
77.088 -74.371
77.216 -73.322
77.340 -72.253
77.460 -71.163
77.575 -70.052
77.483 -19.058
77.364 -17.963
77.241 -16.890
77.114 -15.837
76.982 -14.806
76.846 -13.796
76.706 -12.807
76.563 -11.839
76.416 -10.892
76.265 -9.965
76.111 -9.059
75.953 -8.174
75.792 -7.308
75.629 -6.463
75.462 -5.636
75.292 -4.829
75.120 -4.041
74.945 -3.270
74.767 -2.518
74.587 -1.784
74.405 -1.067
74.220 -0.367
74.034 0.317
73.845 0.985
73.654 1.637
73.461 2.273
73.266 2.895
73.069 3.502
72.871 4.095
72.671 4.674
72.469 5.239
74.557 -89.766
74.742 -89.051
75.459 -86.014
75.632 -85.207
75.802 -84.381
75.969 -83.534
76.132 -82.668
76.293 -81.780
76.450 -80.872
76.902 -78.017
77.045 -77.022
77.184 -76.005
77.319 -74.965
77.450 -73.904
77.576 -72.820
77.698 -71.714
77.816 -70.586
77.722 -18.510
77.601 -17.399
77.475 -16.311
77.345 -15.245
77.211 -14.201
77.073 -13.180
76.931 -12.180
76.785 -11.202
76.635 -10.247
76.482 -9.313
76.325 -8.400
76.165 -7.508
76.002 -6.637
75.835 -5.787
75.666 -4.957
75.494 -4.146
75.319 -3.355
75.142 -2.583
74.962 -1.829
74.779 -1.093
74.594 -0.376
74.407 0.325
74.218 1.008
74.027 1.675
73.834 2.326
73.639 2.962
73.442 3.582
73.243 4.187
73.042 4.778
72.840 5.355
75.480 -87.506
75.658 -86.717
75.833 -85.907
76.006 -85.077
76.175 -84.227
76.342 -83.355
76.505 -82.462
77.124 -78.668
77.270 -77.663
77.411 -76.634
77.549 -75.582
77.682 -74.507
77.811 -73.409
77.936 -72.287
78.302 -21.456
78.193 -20.261
78.079 -19.089
77.960 -17.940
77.836 -16.813
77.708 -15.710
77.576 -14.631
77.439 -13.574
77.298 -12.541
77.153 -11.531
77.005 -10.544
76.852 -9.580
76.697 -8.638
76.537 -7.719
76.375 -6.822
76.209 -5.946
76.040 -5.091
75.868 -4.257
75.694 -3.444
75.516 -2.650
75.336 -1.876
75.154 -1.121
74.969 -0.385
74.782 0.333
74.592 1.033
74.401 1.716
74.207 2.382
74.012 3.032
73.814 3.666
73.615 4.284
73.414 4.887
73.211 5.475
73.007 6.049
75.675 -88.231
75.855 -87.439
76.033 -86.627
76.208 -85.795
76.380 -84.940
76.549 -84.064
77.345 -79.342
77.493 -78.326
77.637 -77.287
77.777 -76.223
77.913 -75.134
78.045 -74.021
78.172 -72.884
78.546 -20.919
78.435 -19.704
78.318 -18.513
78.197 -17.347
78.071 -16.204
77.940 -15.086
77.805 -13.993
77.666 -12.924
77.522 -11.880
77.375 -10.860
77.223 -9.863
77.068 -8.891
76.910 -7.942
76.748 -7.017
76.582 -6.114
76.414 -5.233
76.243 -4.374
76.068 -3.537
75.891 -2.721
75.711 -1.926
75.529 -1.151
75.344 -0.395
75.156 0.341
74.967 1.059
74.775 1.759
74.581 2.441
74.385 3.105
74.187 3.753
73.988 4.385
73.786 5.001
73.583 5.601
73.378 6.187
73.172 6.758
72.544 8.388
75.867 -88.975
76.050 -88.183
76.230 -87.369
76.408 -86.533
77.862 -77.964
78.004 -76.888
78.143 -75.786
78.277 -74.658
78.407 -73.505
78.532 -72.325
78.652 -71.120
78.767 -69.890
78.789 -20.359
78.675 -19.124
78.556 -17.914
78.432 -16.729
78.304 -15.571
78.170 -14.438
78.033 -13.331
77.890 -12.250
77.744 -11.194
77.594 -10.164
77.440 -9.159
77.282 -8.178
77.121 -7.223
76.956 -6.291
76.788 -5.383
76.617 -4.498
76.443 -3.636
76.266 -2.797
76.086 -1.979
75.904 -1.182
75.719 -0.406
75.531 0.350
75.341 1.087
75.149 1.804
74.955 2.502
74.759 3.182
74.560 3.845
74.360 4.491
74.158 5.120
73.955 5.733
73.749 6.330
73.542 6.913
73.334 7.480
71.618 11.541
71.398 11.995
76.057 -89.740
76.242 -88.947
76.425 -88.132
78.508 -75.321
78.641 -74.151
78.768 -72.954
78.891 -71.730
79.008 -70.479
79.121 -69.202
79.227 -67.898
79.328 -66.569
79.424 -65.215
79.031 -19.774
78.915 -18.518
78.793 -17.288
78.667 -16.086
78.535 -14.911
78.399 -13.763
78.259 -12.643
78.114 -11.549
77.965 -10.483
77.812 -9.443
77.655 -8.429
77.494 -7.441
77.330 -6.479
77.163 -5.542
76.992 -4.629
76.818 -3.741
76.641 -2.876
76.462 -2.034
76.279 -1.214
76.094 -0.417
75.906 0.360
75.716 1.115
75.524 1.851
75.329 2.567
75.133 3.264
74.934 3.942
74.733 4.602
74.531 5.245
74.327 5.871
74.121 6.481
73.913 7.075
73.704 7.653
76.432 -89.733
78.873 -74.825
79.003 -73.610
79.129 -72.367
79.249 -71.095
79.364 -69.795
79.473 -68.467
79.576 -67.112
79.674 -65.731
79.766 -64.323
79.272 -19.162
79.153 -17.885
79.029 -16.636
78.900 -15.416
78.765 -14.224
78.626 -13.062
78.483 -11.928
78.335 -10.822
78.183 -9.745
78.028 -8.696
77.868 -7.674
77.704 -6.679
77.538 -5.711
77.367 -4.768
77.194 -3.852
77.017 -2.960
76.837 -2.093
76.655 -1.249
76.470 -0.428
76.282 0.370
76.092 1.146
75.899 1.901
75.704 2.635
75.507 3.349
75.308 4.043
75.107 4.719
74.904 5.377
74.699 6.016
74.492 6.639
74.284 7.245
74.074 7.835
73.863 8.409
72.125 12.498
76.808 -89.725
76.994 -88.885
77.177 -88.021
77.357 -87.132
77.708 -85.276
79.104 -75.528
79.237 -74.295
79.365 -73.033
79.488 -71.740
79.606 -70.417
79.717 -69.064
79.824 -67.682
79.924 -66.272
80.018 -64.834
79.628 -19.852
79.512 -18.522
79.390 -17.223
79.263 -15.955
79.131 -14.716
78.994 -13.509
78.852 -12.331
78.706 -11.184
78.555 -10.067
78.400 -8.979
78.241 -7.921
78.079 -6.891
77.912 -5.890
77.743 -4.916
77.569 -3.969
77.393 -3.049
77.213 -2.155
77.031 -1.285
76.846 -0.441
76.658 0.380
76.467 1.178
76.274 1.953
76.079 2.707
75.882 3.439
75.682 4.150
75.480 4.842
75.277 5.515
75.071 6.169
74.864 6.805
74.655 7.423
74.019 9.180
73.587 10.273
77.185 -89.717
77.370 -88.852
77.553 -87.961
77.910 -86.098
78.084 -85.125
79.333 -76.261
79.469 -75.011
79.600 -73.729
79.726 -72.414
79.846 -71.068
79.961 -69.689
80.070 -68.280
80.172 -66.840
79.870 -19.205
79.751 -17.853
79.626 -16.532
79.496 -15.243
79.361 -13.987
79.221 -12.762
79.076 -11.570
78.926 -10.410
78.773 -9.282
78.615 -8.184
78.453 -7.117
78.287 -6.080
78.118 -5.073
77.945 -4.094
77.769 -3.144
77.590 -2.221
77.407 -1.324
77.222 -0.454
77.034 0.391
76.843 1.212
76.454 2.782
76.256 3.534
76.056 4.263
75.854 4.972
75.650 5.660
75.444 6.329
75.236 6.979
74.388 9.401
77.561 -89.709
77.747 -88.816
77.930 -87.897
78.110 -86.949
80.203 -70.346
80.315 -68.909
80.420 -67.438
80.110 -18.528
79.988 -17.151
79.860 -15.808
79.727 -14.499
79.589 -13.225
79.446 -11.984
79.298 -10.778
79.145 -9.605
78.988 -8.466
78.827 -7.359
78.662 -6.284
78.494 -5.240
78.321 -4.227
78.145 -3.244
77.966 -2.291
77.784 -1.365
77.598 -0.468
77.410 0.403
77.219 1.248
77.026 2.067
76.431 4.382
74.103 11.310
73.882 11.838
77.938 -89.699
78.124 -88.779
78.307 -87.828
78.486 -86.848
80.559 -69.570
80.667 -68.069
80.769 -66.533
80.864 -64.964
81.032 -61.732
80.349 -17.816
80.224 -16.415
80.093 -15.049
79.957 -13.721
79.815 -12.428
79.669 -11.172
79.518 -9.952
79.362 -8.767
79.202 -7.617
79.038 -6.501
78.869 -5.419
78.697 -4.369
78.522 -3.352
78.343 -2.365
78.161 -1.409
77.975 -0.482
77.787 0.416
77.596 1.286
77.402 2.130
77.206 2.947
73.801 13.149
73.577 13.641
72.896 15.040
72.437 15.912
72.207 16.330
78.684 -87.756
78.863 -86.741
81.017 -67.162
81.115 -65.556
81.205 -63.915
81.288 -62.241
81.037 -23.156
80.586 -17.069
80.458 -15.642
80.324 -14.255
80.184 -12.906
80.039 -11.596
79.890 -10.324
79.735 -9.090
79.576 -7.894
79.413 -6.734
79.245 -5.610
79.074 -4.521
78.899 -3.466
78.720 -2.445
78.538 -1.456
78.352 -0.498
78.164 0.429
77.972 1.327
77.778 2.196
77.582 3.037
73.939 13.960
79.918 -82.053
81.365 -66.183
81.458 -64.500
81.544 -62.782
81.622 -61.030
81.889 -51.858
81.916 -49.964
81.945 -46.148
81.765 -32.931
81.560 -27.566
81.476 -25.841
81.285 -22.498
80.822 -16.282
80.690 -14.831
80.553 -13.421
80.410 -12.052
80.262 -10.725
80.108 -9.438
79.951 -8.191
79.788 -6.984
79.621 -5.815
79.450 -4.684
79.276 -3.589
79.097 -2.530
78.915 -1.506
78.730 -0.515
78.541 0.443
78.349 1.370
78.155 2.266
77.958 3.133
80.131 -82.994
80.293 -81.743
80.451 -80.450
80.603 -79.114
81.614 -66.847
81.710 -65.121
81.799 -63.356
81.879 -61.554
81.952 -59.718
82.155 -52.093
82.203 -48.165
82.213 -46.188
82.027 -32.527
81.965 -30.654
81.894 -28.811
81.816 -27.002
81.729 -25.229
81.532 -21.801
81.056 -15.455
80.920 -13.978
80.780 -12.546
80.633 -11.158
80.482 -9.814
80.325 -8.512
80.163 -7.253
79.997 -6.036
79.827 -4.858
79.653 -3.721
79.474 -2.621
79.293 -1.559
79.107 -0.533
78.918 0.458
78.727 1.416
78.532 2.341
78.334 3.235
78.134 4.099
75.792 11.910
75.569 12.491
79.995 -86.369
80.169 -85.193
80.340 -83.975
80.506 -82.714
80.667 -81.408
80.824 -80.056
82.136 -62.112
82.211 -60.220
82.277 -58.294
82.334 -56.336
82.382 -54.351
82.421 -52.344
82.451 -50.318
82.471 -48.278
82.225 -30.162
82.152 -28.263
82.070 -26.401
81.981 -24.579
81.883 -22.799
81.778 -21.063
81.666 -19.372
81.546 -17.728
81.149 -13.081
81.004 -11.627
80.854 -10.220
80.699 -8.859
80.539 -7.544
80.374 -6.274
80.204 -5.047
80.030 -3.863
79.852 -2.720
79.670 -1.617
79.485 -0.552
79.296 0.475
79.104 1.465
78.909 2.421
78.711 3.344
78.510 4.234
78.307 5.093
77.256 8.967
77.040 9.665
76.822 10.339
76.602 10.992
76.381 11.623
76.159 12.234
75.935 12.825
75.709 13.397
75.483 13.952
75.255 14.489
75.026 15.009
74.796 15.514
74.565 16.003
74.333 16.478
74.100 16.939
73.867 17.386
73.632 17.820
80.194 -87.408
80.372 -86.226
80.547 -85.000
82.392 -62.709
82.469 -60.758
82.538 -58.769
82.597 -56.746
82.647 -54.692
82.687 -52.613
82.718 -50.514
82.739 -48.400
82.750 -46.276
82.324 -25.761
82.231 -23.886
82.131 -22.059
82.022 -20.279
81.907 -18.549
81.784 -16.869
81.375 -12.136
81.227 -10.660
81.073 -9.235
80.914 -7.859
80.750 -6.531
80.581 -5.250
80.407 -4.016
80.230 -2.825
80.048 -1.678
79.863 -0.573
79.674 0.492
79.482 1.518
79.286 2.507
79.088 3.460
78.887 4.379
78.683 5.264
78.476 6.118
78.056 7.735
77.843 8.501
77.628 9.241
77.411 9.955
77.192 10.644
76.971 11.310
76.749 11.953
76.526 12.575
76.301 13.177
76.074 13.759
75.847 14.322
75.618 14.867
75.388 15.394
75.157 15.905
74.925 16.400
74.692 16.880
74.458 17.346
74.223 17.797
73.988 18.235
73.751 18.660
72.560 20.609
80.390 -88.489
80.572 -87.303
82.647 -63.347
82.727 -61.334
82.798 -59.279
82.859 -57.185
82.911 -55.058
82.953 -52.903
82.985 -50.725
83.007 -48.530
83.018 -46.325
82.481 -23.148
82.377 -21.270
82.265 -19.445
82.146 -17.674
82.019 -15.958
81.885 -14.297
81.745 -12.691
81.599 -11.140
81.447 -9.644
81.289 -8.201
81.126 -6.810
80.958 -5.471
80.785 -4.181
80.608 -2.940
80.426 -1.745
80.241 -0.595
80.052 0.511
79.860 1.575
79.664 2.599
79.465 3.585
79.263 4.533
79.059 5.447
78.851 6.326
78.642 7.173
78.430 7.988
78.216 8.774
78.000 9.532
77.782 10.262
77.562 10.967
77.340 11.647
77.117 12.303
76.892 12.937
76.666 13.549
76.439 14.140
76.210 14.711
75.980 15.264
75.749 15.799
75.517 16.316
75.284 16.817
75.050 17.302
74.815 17.772
74.579 18.227
74.342 18.669
74.105 19.097
73.867 19.512
72.908 21.056
72.667 21.414
72.425 21.763
80.582 -89.614
80.768 -88.426
82.809 -66.058
82.901 -64.030
82.984 -61.952
83.058 -59.826
83.122 -57.659
83.175 -55.453
83.219 -53.216
83.252 -50.953
83.275 -48.672
83.286 -46.379
83.288 -44.081
83.278 -41.786
82.919 -26.381
82.828 -24.343
82.729 -22.358
82.622 -20.429
82.506 -18.558
82.383 -16.745
82.252 -14.992
82.115 -13.299
81.971 -11.665
81.820 -10.090
81.664 -8.574
81.502 -7.114
81.335 -5.711
81.163 -4.361
80.986 -3.064
80.805 -1.817
80.620 -0.619
80.431 0.531
80.238 1.637
80.042 2.699
79.842 3.719
79.640 4.700
79.435 5.642
79.227 6.548
79.016 7.420
78.803 8.258
78.588 9.065
78.371 9.842
78.152 10.590
77.932 11.310
77.709 12.004
77.485 12.673
77.259 13.319
77.032 13.941
76.803 14.542
76.573 15.123
76.342 15.683
76.110 16.225
75.877 16.748
75.642 17.255
75.407 17.745
75.171 18.219
74.934 18.678
74.696 19.123
74.458 19.554
74.218 19.971
73.979 20.376
80.961 -89.598
82.955 -68.888
83.059 -66.856
83.155 -64.765
83.241 -62.617
83.317 -60.417
83.383 -58.169
83.439 -55.880
83.485 -53.554
83.519 -51.200
83.543 -48.825
83.555 -46.436
83.556 -44.042
83.546 -41.652
83.525 -39.274
83.492 -36.915
83.257 -27.819
83.173 -25.660
83.079 -23.557
82.976 -21.513
82.865 -19.530
82.746 -17.611
82.618 -15.756
82.484 -13.966
82.342 -12.241
82.193 -10.580
82.039 -8.982
81.878 -7.447
81.712 -5.972
81.541 -4.557
81.364 -3.198
81.183 -1.895
80.998 -0.646
80.809 0.553
80.616 1.703
80.419 2.806
80.220 3.863
80.017 4.878
79.811 5.852
79.602 6.787
79.391 7.685
79.177 8.547
78.961 9.376
78.743 10.172
78.523 10.938
78.301 11.675
78.077 12.384
77.852 13.066
77.625 13.724
77.397 14.357
77.167 14.968
76.936 15.557
76.704 16.125
76.470 16.674
76.236 17.203
76.000 17.715
75.764 18.210
75.527 18.688
75.288 19.151
75.050 19.598
74.810 20.032
74.570 20.452
74.328 20.859
74.087 21.253
71.151 25.179
81.340 -89.581
83.083 -71.831
83.199 -69.807
83.308 -67.714
83.407 -65.556
83.496 -63.335
83.576 -61.055
83.645 -58.722
83.703 -56.342
83.750 -53.921
83.786 -51.468
83.811 -48.991
83.824 -46.499
83.825 -44.001
83.814 -41.507
83.792 -39.026
83.758 -36.567
83.713 -34.139
83.657 -31.750
83.590 -29.407
83.513 -27.116
83.425 -24.883
83.328 -22.712
83.222 -20.606
83.107 -18.568
82.983 -16.600
82.851 -14.702
82.712 -12.875
82.566 -11.118
82.413 -9.431
82.254 -7.812
82.089 -6.259
81.918 -4.771
81.743 -3.346
81.562 -1.981
81.377 -0.674
81.188 0.577
80.995 1.775
80.798 2.922
80.597 4.020
80.393 5.071
80.187 6.079
79.977 7.044
79.765 7.970
79.550 8.857
79.334 9.708
79.114 10.525
78.893 11.310
78.670 12.063
78.445 12.788
78.219 13.484
77.991 14.153
77.761 14.798
76.830 17.147
76.594 17.683
76.358 18.200
76.120 18.699
75.882 19.181
75.642 19.647
75.402 20.098
75.161 20.533
74.920 20.955
74.678 21.363
74.435 21.758
74.191 22.141
73.948 22.512
70.990 26.209
70.742 26.465
82.086 -86.785
82.433 -83.745
82.598 -82.120
82.909 -78.650
83.054 -76.801
83.191 -74.876
83.321 -72.873
83.442 -70.794
83.555 -68.639
83.658 -66.410
83.751 -64.111
83.833 -61.747
83.905 -59.323
83.966 -56.845
84.016 -54.321
84.053 -51.760
84.079 -49.172
84.092 -46.567
84.093 -43.955
84.082 -41.348
84.059 -38.755
84.024 -36.188
83.977 -33.657
83.918 -31.169
83.849 -28.733
83.768 -26.356
83.677 -24.044
83.576 -21.801
83.465 -19.631
83.346 -17.537
83.218 -15.518
83.082 -13.577
82.938 -11.714
82.787 -9.926
82.630 -8.214
82.466 -6.575
82.296 -5.007
82.121 -3.507
81.941 -2.074
81.756 -0.705
81.567 0.603
81.373 1.853
81.176 3.047
80.975 4.189
80.770 5.280
80.563 6.323
80.353 7.321
80.140 8.276
79.924 9.190
79.706 10.065
79.486 10.904
79.263 11.708
78.356 14.610
78.125 15.266
77.425 17.086
77.189 17.648
76.952 18.189
76.714 18.711
76.475 19.214
76.236 19.700
75.995 20.169
75.754 20.621
75.512 21.059
75.269 21.482
75.026 21.891
74.782 22.287
74.537 22.670
74.292 23.041
74.047 23.401
71.073 26.974
70.824 27.221
82.098 -89.540
82.284 -88.116
82.464 -86.622
82.640 -85.056
82.810 -83.414
82.973 -81.694
83.130 -79.894
83.280 -78.011
83.423 -76.044
83.557 -73.993
83.683 -71.856
83.800 -69.636
83.907 -67.334
84.004 -64.954
84.090 -62.499
84.165 -59.977
84.229 -57.393
84.281 -54.758
84.320 -52.080
84.347 -49.371
84.361 -46.642
84.362 -43.905
84.351 -41.174
84.326 -38.460
84.290 -35.775
84.240 -33.130
84.179 -30.535
84.106 -28.000
84.022 -25.531
83.927 -23.136
83.822 -20.818
83.707 -18.581
83.583 -16.428
83.450 -14.359
83.310 -12.376
83.161 -10.476
83.005 -8.659
82.843 -6.923
82.674 -5.266
82.500 -3.685
82.320 -2.177
82.135 -0.739
81.946 0.632
81.752 1.939
81.554 3.185
81.353 4.373
81.148 5.506
80.939 6.588
80.728 7.621
80.514 8.606
80.297 9.548
80.078 10.449
79.857 11.310
78.489 15.764
77.547 18.177
77.309 18.724
77.070 19.250
76.830 19.757
76.589 20.246
76.347 20.718
76.105 21.172
75.861 21.611
75.617 22.035
75.373 22.445
75.128 22.841
74.882 23.224
74.636 23.594
74.389 23.953
74.142 24.301
71.403 27.502
82.477 -89.517
82.663 -88.018
82.843 -86.443
83.018 -84.787
83.187 -83.047
83.349 -81.221
83.504 -79.305
83.651 -77.297
83.791 -75.197
83.922 -73.003
84.043 -70.716
84.155 -68.337
84.256 -65.870
84.346 -63.320
84.425 -60.692
84.491 -57.995
84.545 -55.237
84.587 -52.431
84.615 -49.589
84.630 -46.724
84.631 -43.850
84.619 -40.982
84.593 -38.135
84.555 -35.320
84.503 -32.552
84.439 -29.842
84.363 -27.200
84.275 -24.633
84.176 -22.149
84.066 -19.753
83.947 -17.447
83.818 -15.234
83.680 -13.115
83.534 -11.089
83.380 -9.155
83.220 -7.311
83.052 -5.554
82.879 -3.882
82.699 -2.291
82.515 -0.777
82.325 0.663
82.131 2.032
81.933 3.335
81.731 4.574
81.525 5.753
81.315 6.876
81.103 7.945
80.888 8.964
80.670 9.936
80.450 10.863
80.227 11.747
80.002 12.592
79.776 13.399
77.905 18.738
77.665 19.290
77.425 19.821
77.183 20.331
76.941 20.822
76.698 21.296
76.454 21.752
76.210 22.192
75.964 22.616
75.719 23.025
75.472 23.421
75.226 23.803
74.978 24.173
74.730 24.530
74.482 24.876
74.234 25.211
70.977 28.753
69.970 29.607
82.857 -89.491
83.042 -87.910
83.222 -86.243
83.396 -84.487
83.564 -82.637
83.724 -80.690
83.877 -78.643
84.022 -76.495
84.158 -74.243
84.284 -71.887
84.400 -69.429
84.506 -66.871
84.601 -64.218
84.683 -61.477
84.753 -58.656
84.810 -55.766
84.853 -52.819
84.883 -49.830
84.898 -46.815
84.900 -43.790
84.887 -40.771
84.860 -37.776
84.820 -34.819
84.765 -31.917
84.698 -29.081
84.618 -26.323
84.526 -23.652
84.422 -21.075
84.308 -18.597
84.184 -16.220
84.050 -13.947
83.907 -11.778
83.755 -9.711
83.596 -7.745
83.430 -5.876
83.257 -4.101
83.079 -2.417
82.894 -0.818
82.705 0.697
82.510 2.135
82.311 3.500
82.108 4.794
81.902 6.023
81.692 7.190
81.478 8.299
81.262 9.353
81.043 10.356
80.821 11.310
80.597 12.219
80.371 13.085
80.143 13.911
79.913 14.700
79.681 15.453
78.261 19.334
78.020 19.890
77.778 20.424
77.536 20.937
77.292 21.431
77.048 21.905
76.803 22.362
76.557 22.802
76.310 23.226
76.063 23.635
75.816 24.030
75.568 24.411
75.319 24.779
75.070 25.134
74.821 25.478
74.571 25.810
74.321 26.132
70.037 30.345
69.784 30.536
67.004 32.356
66.751 32.500
83.236 -89.463
83.422 -87.789
83.601 -86.020
83.774 -84.150
83.940 -82.175
84.099 -80.092
84.249 -77.896
84.391 -75.586
84.522 -73.161
84.644 -70.620
84.755 -67.967
84.854 -65.205
84.940 -62.342
85.014 -59.387
85.074 -56.351
85.120 -53.249
85.151 -50.098
85.167 -46.916
85.169 -43.722
85.155 -40.536
85.127 -37.377
85.084 -34.265
85.027 -31.215
84.956 -28.242
84.872 -25.360
84.776 -22.577
84.667 -19.902
84.548 -17.338
84.418 -14.889
84.278 -12.556
84.130 -10.338
83.973 -8.232
83.808 -6.236
83.636 -4.346
83.458 -2.557
83.274 -0.865
83.084 0.736
82.890 2.250
82.690 3.682
82.486 5.037
82.279 6.319
82.068 7.534
81.853 8.685
81.636 9.777
81.415 10.812
81.192 11.795
80.967 12.729
80.740 13.618
80.510 14.463
80.279 15.268
80.045 16.036
78.374 20.527
78.131 21.064
77.887 21.579
77.642 22.074
77.396 22.549
77.150 23.006
76.903 23.446
76.655 23.869
76.407 24.276
76.158 24.669
75.909 25.048
75.659 25.413
75.409 25.766
75.158 26.107
74.907 26.436
74.656 26.755
74.405 27.063
73.901 27.650
70.102 31.088
69.848 31.270
66.806 33.141
66.553 33.274
83.616 -89.430
83.801 -87.653
83.980 -85.768
84.152 -83.770
84.317 -81.653
84.473 -79.413
84.620 -77.046
84.758 -74.550
84.885 -71.925
85.001 -69.171
85.105 -66.294
85.196 -63.299
85.274 -60.198
85.337 -57.002
85.386 -53.729
85.419 -50.398
85.436 -47.029
85.438 -43.647
85.424 -40.274
85.394 -36.933
85.348 -33.647
85.288 -30.434
85.213 -27.313
85.125 -24.296
85.023 -21.394
84.909 -18.616
84.784 -15.965
84.649 -13.443
84.503 -11.050
84.349 -8.785
84.186 -6.644
84.015 -4.622
83.838 -2.715
83.654 -0.917
83.464 0.779
83.269 2.377
83.069 3.884
82.864 5.305
82.656 6.646
82.444 7.912
82.228 9.109
82.009 10.240
81.787 11.310
81.563 12.323
81.336 13.284
81.107 14.195
80.876 15.060
80.643 15.881
80.408 16.663
80.172 17.407
79.934 18.116
79.213 20.052
78.970 20.641
78.727 21.204
78.482 21.743
78.236 22.259
77.495 23.686
77.247 24.124
76.998 24.545
76.748 24.951
76.498 25.341
76.248 25.717
75.997 26.079
75.746 26.429
75.494 26.766
75.242 27.091
74.990 27.406
74.737 27.710
74.484 28.004
73.978 28.564
69.908 32.009
66.604 33.911
66.350 34.035
66.097 34.156
65.338 34.504
65.085 34.615
64.580 34.831
83.996 -89.394
84.181 -87.500
84.359 -85.483
84.530 -83.337
84.693 -81.056
84.846 -78.635
84.990 -76.069
85.124 -73.358
85.245 -70.501
85.355 -67.501
85.451 -64.365
85.533 -61.104
85.600 -57.732
85.651 -54.268
85.687 -50.734
85.705 -47.157
85.707 -43.562
85.692 -39.979
85.660 -36.434
85.612 -32.954
85.548 -29.562
85.469 -26.278
85.375 -23.116
85.268 -20.088
85.149 -17.202
85.018 -14.461
84.876 -11.867
84.724 -9.417
84.563 -7.108
84.394 -4.936
84.217 -2.894
84.034 -0.975
83.844 0.827
83.648 2.519
83.448 4.109
83.242 5.604
83.033 7.009
82.819 8.331
82.602 9.575
82.382 10.749
82.159 11.855
81.933 12.900
81.705 13.888
81.474 14.822
81.241 15.706
81.007 16.545
80.770 17.340
80.533 18.095
80.293 18.813
79.323 21.360
79.078 21.925
78.832 22.465
78.585 22.982
78.337 23.476
78.089 23.950
77.839 24.404
77.590 24.840
77.339 25.259
77.089 25.661
76.837 26.048
76.585 26.420
76.333 26.778
76.081 27.124
75.828 27.456
75.575 27.777
75.321 28.087
75.067 28.386
74.813 28.675
74.559 28.954
72.009 31.308
69.710 32.912
69.455 33.068
66.652 34.551
66.398 34.668
66.144 34.783
65.890 34.895
65.637 35.004
65.383 35.111
65.130 35.216
64.877 35.319
64.624 35.420
64.371 35.518
84.376 -89.353
84.561 -87.325
84.738 -85.156
84.907 -82.840
85.068 -80.368
85.219 -77.735
85.359 -74.937
85.487 -71.973
85.602 -68.844
85.704 -65.556
85.791 -62.121
85.862 -58.554
85.917 -54.877
85.954 -51.116
85.974 -47.301
85.976 -43.466
85.960 -39.644
85.926 -35.870
85.874 -32.174
85.806 -28.583
85.723 -25.120
85.624 -21.801
85.511 -18.640
85.385 -15.642
85.247 -12.811
85.099 -10.146
84.940 -7.642
84.773 -5.295
84.597 -3.098
84.414 -1.042
84.224 0.881
84.028 2.680
83.827 4.363
83.620 5.937
83.410 7.412
83.195 8.795
82.976 10.092
82.755 11.310
82.530 12.455
82.302 13.532
82.072 14.548
81.840 15.505
81.606 16.409
81.369 17.264
81.131 18.072
80.892 18.838
80.651 19.565
80.408 20.255
79.427 22.694
79.180 23.234
78.931 23.749
78.682 24.242
78.432 24.714
78.182 25.165
77.931 25.598
77.679 26.012
77.427 26.410
77.174 26.793
76.921 27.160
76.668 27.513
76.414 27.853
76.160 28.180
75.906 28.496
75.651 28.800
75.396 29.093
75.141 29.376
74.886 29.650
74.630 29.914
74.375 30.170
74.119 30.417
72.070 32.138
71.813 32.325
71.301 32.684
69.507 33.797
69.251 33.940
66.443 35.304
66.188 35.412
65.934 35.517
65.680 35.620
65.426 35.721
65.172 35.819
64.918 35.916
64.665 36.011
64.412 36.103
64.159 36.194
63.906 36.283
84.757 -89.306
84.941 -87.123
85.117 -84.779
85.285 -82.263
85.443 -79.567
85.590 -76.684
85.725 -73.610
85.847 -70.346
85.955 -66.896
86.047 -63.270
86.123 -59.487
86.182 -55.570
86.222 -51.551
86.243 -47.466
86.245 -43.356
86.228 -39.262
86.191 -35.227
86.136 -31.287
86.064 -27.474
85.975 -23.816
85.870 -20.329
85.750 -17.027
85.618 -13.915
85.473 -10.995
85.317 -8.262
85.151 -5.711
84.977 -3.332
84.794 -1.118
84.604 0.944
84.408 2.862
84.206 4.649
83.998 6.313
83.786 7.865
83.570 9.314
83.350 10.667
83.127 11.932
82.900 13.117
82.671 14.229
82.439 15.272
82.205 16.253
81.969 17.176
81.731 18.046
81.491 18.867
81.249 19.643
81.007 20.376
80.762 21.071
80.517 21.730
80.271 22.356
79.276 24.567
79.025 25.057
78.774 25.524
78.522 25.971
78.269 26.399
78.016 26.809
77.763 27.201
77.509 27.577
77.255 27.939
77.000 28.286
76.745 28.619
76.490 28.940
76.234 29.249
75.979 29.546
75.723 29.833
75.467 30.109
75.210 30.376
74.954 30.634
74.697 30.883
74.440 31.123
74.183 31.356
71.355 33.486
71.098 33.648
69.300 34.664
66.230 36.043
65.975 36.141
65.721 36.238
65.466 36.332
65.212 36.425
64.958 36.515
64.704 36.604
64.450 36.691
64.196 36.776
63.943 36.859
85.137 -89.252
85.321 -86.889
85.496 -84.338
85.661 -81.585
85.816 -78.622
85.959 -75.440
86.089 -72.036
86.203 -68.412
86.302 -64.579
86.383 -60.555
86.446 -56.367
86.489 -52.052
86.512 -47.656
86.514 -43.229
86.495 -38.822
86.456 -34.487
86.397 -30.271
86.320 -26.211
86.224 -22.338
86.113 -18.672
85.986 -15.223
85.846 -11.997
85.693 -8.990
85.530 -6.196
85.356 -3.606
85.174 -1.206
84.984 1.015
84.788 3.071
84.584 4.976
84.376 6.740
84.162 8.377
83.945 9.897
83.723 11.310
83.498 12.626
83.269 13.853
83.038 14.999
82.804 16.070
82.568 17.074
82.330 18.015
82.090 18.900
81.849 19.732
81.605 20.516
81.361 21.255
81.115 21.953
80.868 22.614
80.620 23.239
80.371 23.832
79.618 25.439
79.366 25.924
79.113 26.386
78.860 26.827
78.606 27.248
78.352 27.651
78.097 28.037
77.842 28.406
77.586 28.760
77.330 29.099
77.074 29.425
76.818 29.738
76.561 30.039
76.304 30.329
76.047 30.608
75.790 30.876
75.532 31.135
75.275 31.385
75.017 31.626
74.759 31.859
74.502 32.085
74.244 32.302
73.986 32.513
66.269 36.676
66.013 36.768
65.758 36.858
65.503 36.946
65.249 37.032
64.486 37.280
64.232 37.359
63.978 37.436
63.725 37.512
85.517 -89.188
85.701 -86.614
85.874 -83.816
86.038 -80.779
86.189 -77.492
86.326 -73.946
86.449 -70.139
86.554 -66.080
86.642 -61.787
86.710 -57.291
86.756 -52.637
86.781 -47.878
86.783 -43.080
86.763 -38.309
86.721 -33.629
86.657 -29.097
86.573 -24.760
86.471 -20.653
86.352 -16.795
86.217 -13.196
86.069 -9.858
85.908 -6.772
85.736 -3.928
85.555 -1.309
85.365 1.099
85.167 3.313
84.963 5.351
84.753 7.228
84.538 8.959
84.319 10.557
84.095 12.035
83.868 13.403
83.637 14.674
83.404 15.855
83.168 16.954
82.930 17.980
82.690 18.938
82.448 19.835
82.204 20.676
81.959 21.466
81.713 22.208
81.465 22.908
81.216 23.568
80.966 24.191
80.716 24.781
80.464 25.339
80.212 25.868
79.958 26.371
79.705 26.849
79.450 27.304
79.196 27.737
78.940 28.150
78.685 28.544
78.428 28.921
78.172 29.281
77.915 29.626
77.658 29.956
77.401 30.273
77.143 30.577
76.885 30.869
76.627 31.150
76.369 31.419
76.111 31.679
75.852 31.929
75.594 32.171
75.335 32.403
75.076 32.627
74.817 32.844
74.558 33.053
74.300 33.256
74.041 33.451
73.782 33.641
73.523 33.824
69.387 36.122
69.129 36.235
66.305 37.312
66.049 37.397
65.793 37.480
65.538 37.561
65.283 37.641
65.028 37.719
64.773 37.795
64.265 37.943
64.011 38.015
85.898 -89.113
86.081 -86.285
86.253 -83.188
86.413 -79.804
86.559 -76.118
86.691 -72.121
86.804 -67.818
86.899 -63.225
86.972 -58.377
87.023 -53.326
87.050 -48.141
87.052 -42.905
87.030 -37.703
86.984 -32.619
86.915 -27.726
86.825 -23.078
86.715 -18.715
86.587 -14.657
86.443 -10.909
86.286 -7.465
86.116 -4.313
85.935 -1.432
85.745 1.197
85.547 3.597
85.342 5.788
85.130 7.792
84.914 9.627
84.692 11.310
84.466 12.857
84.237 14.281
84.004 15.596
83.769 16.811
83.531 17.937
83.290 18.983
83.048 19.956
82.804 20.863
82.558 21.711
82.311 22.504
82.063 23.247
81.813 23.944
81.562 24.601
81.311 25.219
81.058 25.802
80.805 26.353
80.551 26.874
80.296 27.368
80.041 27.837
79.785 28.282
79.529 28.705
79.272 29.107
79.015 29.491
78.757 29.857
78.499 30.206
78.241 30.541
77.983 30.860
77.724 31.166
77.466 31.460
77.207 31.741
76.948 32.011
76.688 32.271
76.429 32.520
76.169 32.760
75.910 32.992
75.650 33.214
75.390 33.429
75.131 33.636
74.871 33.836
74.611 34.029
74.351 34.216
74.091 34.396
73.832 34.571
73.572 34.740
73.312 34.903
73.052 35.062
72.533 35.365
72.274 35.509
72.014 35.650
69.425 36.856
69.167 36.960
68.909 37.061
66.082 38.028
65.826 38.104
65.570 38.179
65.315 38.252
65.059 38.323
64.804 38.393
86.279 -89.022
86.460 -85.885
86.630 -82.420
86.787 -78.601
86.928 -74.412
87.051 -69.848
87.153 -64.921
87.233 -59.668
87.289 -54.150
87.319 -48.457
87.321 -42.694
87.297 -36.978
87.247 -31.417
87.171 -26.105
87.073 -21.109
86.954 -16.470
86.816 -12.207
86.663 -8.315
86.495 -4.781
86.316 -1.580
86.126 1.315
85.927 3.933
85.720 6.303
85.507 8.451
85.288 10.402
85.064 12.177
84.836 13.797
84.605 15.279
84.370 16.637
84.132 17.886
83.891 19.037
83.648 20.100
83.404 21.085
83.157 21.999
82.910 22.849
82.660 23.641
82.410 24.381
82.158 25.073
81.905 25.722
81.652 26.332
81.397 26.905
81.142 27.445
80.887 27.955
80.630 28.437
80.374 28.893
80.116 29.326
79.858 29.736
79.600 30.126
79.342 30.497
79.083 30.850
78.824 31.186
78.565 31.508
78.305 31.815
78.045 32.108
77.785 32.389
77.525 32.658
77.265 32.916
77.005 33.164
76.744 33.402
76.484 33.631
76.223 33.850
75.963 34.062
75.702 34.266
75.441 34.462
75.181 34.652
74.920 34.835
74.659 35.011
74.399 35.182
74.138 35.347
73.877 35.506
73.617 35.661
73.356 35.810
73.096 35.955
72.836 36.095
72.575 36.232
72.315 36.364
72.055 36.492
71.795 36.616
71.535 36.737
69.461 37.592
69.202 37.687
68.685 37.869
68.427 37.957
66.112 38.660
65.855 38.729
65.599 38.797
65.343 38.864
65.088 38.929
64.832 38.993
64.577 39.056
86.659 -88.911
86.840 -85.389
87.007 -81.457
87.159 -77.082
87.293 -72.245
87.405 -66.949
87.493 -61.227
87.555 -55.154
87.588 -48.842
87.591 -42.436
87.564 -36.093
87.508 -29.962
87.425 -24.163
87.317 -18.778
87.187 -13.848
87.039 -9.382
86.875 -5.363
86.696 -1.762
86.506 1.458
86.307 4.338
86.098 6.917
85.883 9.230
85.662 11.310
85.436 13.186
85.205 14.883
84.970 16.422
84.733 17.824
84.492 19.103
84.249 20.275
84.004 21.351
83.757 22.342
83.508 23.257
83.258 24.105
83.006 24.891
82.754 25.623
82.500 26.305
82.245 26.942
81.990 27.539
81.734 28.098
81.477 28.624
81.219 29.119
80.962 29.585
80.703 30.026
80.444 30.442
80.185 30.837
79.926 31.211
79.666 31.566
79.406 31.904
79.145 32.225
78.885 32.531
78.624 32.823
78.363 33.102
78.102 33.369
77.841 33.624
77.579 33.868
77.318 34.102
77.057 34.327
76.795 34.542
76.534 34.750
76.272 34.949
76.011 35.140
75.749 35.325
75.487 35.503
75.226 35.674
74.964 35.840
74.703 36.000
74.441 36.154
74.180 36.303
73.919 36.447
73.658 36.587
73.396 36.722
73.135 36.853
72.874 36.980
72.613 37.103
72.353 37.222
72.092 37.338
71.831 37.450
71.571 37.559
71.311 37.665
68.975 38.499
68.716 38.581
68.457 38.660
68.199 38.737
66.139 39.294
65.882 39.356
65.626 39.418
65.370 39.478
65.114 39.537
64.858 39.594
64.602 39.650
87.040 -88.771
87.219 -84.758
87.384 -80.218
87.529 -75.107
87.653 -69.408
87.750 -63.146
87.819 -56.402
87.856 -49.325
87.860 -42.114
87.829 -34.992
87.767 -28.168
87.674 -21.801
87.556 -15.986
87.414 -10.758
87.254 -6.106
87.077 -1.992
86.887 1.637
86.686 4.837
86.476 7.663
86.258 10.166
86.035 12.389
85.805 14.373
85.572 16.148
85.334 17.745
85.093 19.185
84.850 20.490
84.604 21.676
84.356 22.759
84.107 23.749
83.855 24.659
83.603 25.498
83.349 26.272
83.094 26.989
82.838 27.655
82.582 28.274
82.324 28.852
82.066 29.393
81.808 29.899
81.549 30.374
81.289 30.821
81.029 31.241
80.769 31.638
80.508 32.013
80.247 32.368
79.986 32.705
79.724 33.024
79.463 33.327
79.201 33.616
78.939 33.890
78.677 34.152
78.415 34.402
78.153 34.641
77.890 34.869
77.628 35.088
77.366 35.298
77.103 35.498
76.841 35.691
76.578 35.877
76.316 36.055
76.054 36.226
75.791 36.391
75.529 36.550
75.266 36.703
75.004 36.851
74.742 36.993
74.480 37.131
74.218 37.264
73.956 37.393
73.694 37.517
73.432 37.638
73.171 37.754
72.909 37.868
72.648 37.977
72.386 38.084
72.125 38.187
71.864 38.287
71.342 38.479
69.781 38.994
69.521 39.072
69.262 39.148
69.002 39.222
68.743 39.294
68.484 39.365
68.226 39.433
66.163 39.929
65.906 39.985
65.649 40.039
65.137 40.145
64.881 40.196
87.421 -88.589
87.599 -83.928
87.758 -78.563
87.895 -72.440
88.005 -65.556
88.083 -57.995
88.125 -49.946
88.129 -41.698
88.094 -33.584
88.023 -25.907
87.919 -18.877
87.787 -12.600
87.632 -7.087
87.458 -2.291
87.268 1.865
87.065 5.464
86.853 8.588
86.633 11.310
86.405 13.693
86.173 15.789
85.936 17.642
85.695 19.290
85.451 20.762
85.204 22.083
84.956 23.274
84.705 24.353
84.452 25.334
84.199 26.229
83.943 27.048
83.687 27.801
83.430 28.496
83.172 29.137
82.914 29.732
82.654 30.285
82.394 30.800
82.134 31.281
81.873 31.731
81.612 32.152
81.351 32.548
81.089 32.921
80.827 33.273
80.565 33.605
80.302 33.919
80.039 34.216
79.777 34.498
79.514 34.765
79.251 35.020
78.988 35.262
78.724 35.493
78.461 35.713
78.198 35.923
77.934 36.125
77.671 36.317
77.408 36.501
77.145 36.678
76.881 36.848
76.618 37.011
76.355 37.167
76.092 37.318
75.828 37.463
75.565 37.602
75.302 37.737
75.039 37.866
74.777 37.992
74.514 38.113
74.251 38.229
73.989 38.342
73.726 38.452
73.464 38.557
73.202 38.660
72.940 38.759
72.678 38.855
72.416 38.948
72.154 39.039
71.893 39.127
70.848 39.454
70.588 39.530
70.327 39.604
70.067 39.676
69.806 39.746
69.546 39.815
69.287 39.881
69.027 39.946
68.768 40.010
68.508 40.071
68.249 40.132
67.990 40.190
66.442 40.515
66.184 40.565
65.927 40.614
87.802 -88.345
87.977 -82.786
88.130 -76.247
88.254 -68.663
88.344 -60.092
88.393 -50.774
88.398 -41.143
88.357 -31.724
88.275 -22.977
88.157 -15.186
88.010 -8.440
87.838 -2.694
87.648 2.167
87.444 6.277
87.229 9.765
87.005 12.740
86.774 15.295
86.538 17.504
86.297 19.429
86.052 21.117
85.805 22.607
85.555 23.929
85.303 25.110
85.049 26.171
84.794 27.127
84.537 27.994
84.279 28.783
84.021 29.504
83.761 30.164
83.501 30.772
83.241 31.333
82.980 31.852
82.718 32.333
82.456 32.782
82.193 33.199
81.931 33.590
81.668 33.956
81.404 34.300
81.141 34.623
80.877 34.927
80.614 35.214
80.350 35.485
80.086 35.742
79.822 35.985
79.558 36.216
79.294 36.436
79.030 36.645
78.765 36.844
78.501 37.034
78.237 37.215
77.973 37.388
77.709 37.554
77.444 37.713
77.180 37.865
76.916 38.011
76.652 38.151
76.388 38.286
76.125 38.415
75.861 38.540
75.597 38.660
75.333 38.775
75.070 38.887
74.807 38.995
74.543 39.098
74.280 39.199
74.017 39.296
73.754 39.390
73.491 39.480
73.229 39.568
72.966 39.654
72.704 39.736
72.442 39.816
72.180 39.894
71.394 40.113
71.133 40.182
70.872 40.250
70.611 40.315
70.350 40.379
70.089 40.440
69.829 40.501
69.568 40.559
69.308 40.616
69.048 40.672
68.789 40.726
68.529 40.779
68.270 40.831
68.011 40.881
67.752 40.931
67.493 40.979
67.234 41.026
66.976 41.072
66.718 41.116
66.460 41.160
66.203 41.203
65.945 41.245
88.182 -87.997
88.354 -81.119
88.497 -72.790
88.602 -62.969
88.661 -51.934
88.666 -40.365
88.618 -29.157
88.522 -19.058
88.385 -10.426
88.219 -3.270
88.029 2.586
87.823 7.374
87.604 11.310
87.375 14.574
87.140 17.308
86.899 19.622
86.653 21.600
86.405 23.305
86.153 24.788
85.900 26.089
85.644 27.237
85.387 28.258
85.129 29.171
84.870 29.991
84.610 30.732
84.349 31.405
84.087 32.018
83.825 32.580
83.562 33.095
83.299 33.570
83.036 34.009
82.772 34.415
82.508 34.793
82.244 35.146
81.979 35.474
81.715 35.782
81.450 36.071
81.185 36.342
80.920 36.598
80.656 36.839
80.390 37.066
80.125 37.282
79.860 37.486
79.595 37.679
79.330 37.863
79.065 38.038
78.800 38.205
78.535 38.363
78.270 38.515
78.005 38.660
77.740 38.798
77.475 38.931
77.211 39.058
76.946 39.180
76.681 39.297
76.417 39.409
76.152 39.518
75.888 39.622
75.624 39.722
75.360 39.818
75.096 39.911
74.832 40.001
74.568 40.088
74.305 40.171
74.041 40.252
73.778 40.331
73.515 40.406
73.252 40.480
72.989 40.551
72.726 40.619
72.464 40.686
72.201 40.751
71.939 40.814
71.677 40.875
71.415 40.934
71.153 40.992
70.892 41.047
70.630 41.102
70.369 41.155
70.108 41.206
69.847 41.257
69.587 41.305
69.326 41.353
69.066 41.399
68.806 41.445
68.547 41.489
68.287 41.532
68.028 41.574
67.769 41.615
67.510 41.655
67.251 41.694
66.992 41.732
66.734 41.769
66.476 41.806
66.218 41.841
88.563 -87.466
88.729 -78.465
88.856 -67.135
88.928 -53.673
88.935 -39.193
88.875 -25.408
88.758 -13.610
88.599 -4.160
88.410 3.205
88.200 8.931
87.976 13.426
87.742 17.008
87.501 19.908
87.255 22.294
87.004 24.283
86.751 25.964
86.495 27.401
86.238 28.641
85.979 29.722
85.719 30.672
85.457 31.513
85.195 32.262
84.933 32.934
84.669 33.539
84.406 34.087
84.141 34.585
83.877 35.041
83.612 35.458
83.347 35.843
83.082 36.197
82.816 36.526
82.551 36.831
82.285 37.115
82.019 37.380
81.754 37.628
81.488 37.860
81.222 38.078
80.956 38.284
80.690 38.477
80.424 38.660
80.158 38.833
79.892 38.996
79.626 39.152
79.360 39.299
79.094 39.439
78.828 39.573
78.563 39.700
78.297 39.821
78.032 39.937
77.766 40.048
77.501 40.155
77.235 40.256
76.970 40.354
76.705 40.448
76.440 40.538
76.175 40.624
75.910 40.707
75.646 40.787
75.381 40.864
75.117 40.939
74.853 41.011
74.589 41.080
74.325 41.147
74.061 41.212
73.797 41.274
73.534 41.335
73.270 41.393
73.007 41.450
72.744 41.505
72.481 41.558
72.219 41.610
71.956 41.660
71.694 41.709
71.432 41.756
71.170 41.802
70.908 41.847
70.646 41.890
70.385 41.933
70.124 41.974
69.863 42.014
69.602 42.053
69.341 42.091
69.081 42.128
68.821 42.164
68.561 42.199
68.301 42.234
68.042 42.267
67.782 42.300
67.523 42.332
67.264 42.363
67.006 42.393
66.747 42.423
66.489 42.452
88.944 -86.553
89.100 -73.610
89.193 -56.560
89.202 -37.235
89.124 -19.486
88.979 -5.711
88.790 4.214
88.575 11.310
88.344 16.489
88.103 20.376
87.855 23.377
87.603 25.750
87.347 27.669
87.089 29.249
86.829 30.570
86.567 31.691
86.305 32.652
86.041 33.486
85.777 34.216
85.513 34.859
85.247 35.431
84.982 35.942
84.716 36.402
84.450 36.817
84.184 37.195
83.918 37.539
83.651 37.855
83.384 38.145
83.118 38.412
82.851 38.660
82.584 38.889
82.317 39.103
82.050 39.302
81.784 39.489
81.517 39.663
81.250 39.827
80.983 39.981
80.716 40.126
80.450 40.263
80.183 40.393
79.916 40.515
79.650 40.632
79.383 40.742
79.117 40.847
78.851 40.947
78.584 41.042
78.318 41.133
78.052 41.220
77.786 41.303
77.520 41.383
77.255 41.459
76.989 41.532
76.724 41.602
76.458 41.669
76.193 41.734
75.928 41.796
75.663 41.856
75.398 41.914
75.133 41.969
74.869 42.023
74.604 42.075
74.340 42.125
74.076 42.173
73.812 42.220
73.548 42.265
73.285 42.309
73.021 42.351
72.758 42.392
72.495 42.432
72.232 42.471
71.970 42.508
71.707 42.544
71.445 42.580
71.183 42.614
70.921 42.647
70.659 42.680
70.397 42.711
70.136 42.742
69.875 42.772
69.614 42.801
69.353 42.830
69.092 42.857
68.832 42.884
68.572 42.911
68.312 42.936
68.052 42.961
67.793 42.986
67.534 43.009
67.275 43.033
67.016 43.056
66.757 43.078
66.499 43.099
89.324 -84.611
89.454 -62.241
89.468 -33.311
89.357 -9.090
89.169 6.147
88.946 15.376
88.705 21.280
88.454 25.301
88.198 28.191
87.939 30.358
87.677 32.039
87.414 33.378
87.150 34.469
86.885 35.375
86.619 36.138
86.353 36.790
86.086 37.353
85.819 37.844
85.552 38.277
85.285 38.660
85.017 39.002
84.750 39.309
84.482 39.586
84.214 39.838
83.947 40.067
83.679 40.277
83.411 40.470
83.143 40.647
82.876 40.812
82.608 40.964
82.340 41.106
82.073 41.238
81.805 41.361
81.537 41.477
81.270 41.585
81.003 41.687
80.735 41.783
80.468 41.874
80.201 41.960
79.934 42.041
79.667 42.118
79.400 42.191
79.133 42.260
78.866 42.326
78.600 42.389
78.333 42.449
78.067 42.507
77.800 42.562
77.534 42.614
77.268 42.664
77.002 42.713
76.737 42.759
76.471 42.803
76.205 42.846
75.940 42.887
75.675 42.927
75.410 42.965
75.145 43.001
74.880 43.037
74.616 43.071
74.351 43.104
74.087 43.136
73.823 43.167
73.559 43.196
73.295 43.225
73.032 43.253
72.768 43.280
72.505 43.307
72.242 43.332
71.979 43.357
71.716 43.381
71.454 43.404
71.192 43.427
70.929 43.449
70.668 43.470
70.406 43.491
70.144 43.511
69.883 43.531
69.622 43.550
69.361 43.569
69.101 43.587
68.840 43.605
68.580 43.623
68.320 43.639
68.060 43.656
67.801 43.672
67.541 43.688
67.282 43.703
67.023 43.718
66.765 43.733
66.506 43.747
66.248 43.761
89.701 -77.735
89.726 -21.801
89.547 11.310
89.306 23.749
89.050 29.650
88.788 33.024
88.523 35.194
88.257 36.703
87.990 37.811
87.723 38.660
87.455 39.330
87.187 39.872
86.918 40.320
86.650 40.696
86.381 41.016
86.113 41.292
85.844 41.532
85.575 41.743
85.307 41.930
85.038 42.096
84.770 42.246
84.501 42.380
84.232 42.503
83.964 42.614
83.695 42.716
83.427 42.809
83.159 42.896
82.890 42.975
82.622 43.049
82.354 43.118
82.086 43.182
81.818 43.241
81.550 43.297
81.282 43.350
81.014 43.399
80.746 43.446
80.479 43.490
80.211 43.531
79.944 43.570
79.677 43.608
79.409 43.643
79.142 43.677
78.875 43.709
78.609 43.739
78.342 43.768
78.075 43.796
77.809 43.822
77.542 43.848
77.276 43.872
77.010 43.895
76.744 43.918
76.479 43.939
76.213 43.960
75.947 43.980
75.682 43.999
75.417 44.017
75.152 44.035
74.887 44.052
74.622 44.068
74.358 44.084
74.093 44.100
73.829 44.115
73.565 44.129
73.301 44.143
73.038 44.157
72.774 44.170
72.511 44.182
72.248 44.195
71.985 44.207
71.722 44.218
71.459 44.229
71.197 44.240
70.935 44.251
70.673 44.261
70.411 44.271
70.149 44.281
69.888 44.291
69.627 44.300
69.366 44.309
69.105 44.318
68.845 44.327
68.584 44.335
68.324 44.343
68.065 44.351
67.805 44.359
67.028 44.381
66.769 44.388
66.510 44.395
66.252 44.402
89.891 54.462
89.622 47.726
89.353 46.591
89.084 46.123
88.814 45.868
88.545 45.707
88.275 45.597
88.006 45.516
87.737 45.455
87.467 45.406
87.198 45.367
86.929 45.335
86.659 45.308
86.390 45.285
86.121 45.265
85.852 45.248
85.583 45.233
85.313 45.220
85.044 45.208
84.776 45.197
84.507 45.187
84.238 45.178
83.969 45.171
83.700 45.163
83.432 45.157
83.163 45.150
82.895 45.145
82.626 45.139
82.358 45.134
82.090 45.130
81.821 45.126
81.553 45.122
81.285 45.118
81.017 45.114
80.750 45.111
80.482 45.108
80.214 45.105
79.947 45.102
79.680 45.099
79.412 45.097
79.145 45.095
78.878 45.092
78.611 45.090
78.345 45.088
78.078 45.086
77.811 45.084
77.545 45.082
77.279 45.081
77.013 45.079
76.747 45.077
76.481 45.076
76.215 45.074
75.950 45.073
75.684 45.072
75.419 45.070
75.154 45.069
74.889 45.068
74.624 45.067
74.360 45.065
74.095 45.064
73.831 45.063
73.567 45.062
73.303 45.061
73.039 45.060
72.776 45.059
72.512 45.058
72.249 45.058
71.986 45.057
71.724 45.056
71.461 45.055
71.199 45.054
70.936 45.053
70.674 45.053
70.413 45.052
70.151 45.051
69.890 45.051
69.628 45.050
69.367 45.049
69.107 45.049
68.846 45.048
68.586 45.048
67.547 45.045
67.288 45.045
89.526 82.304
89.292 68.962
89.040 62.418
88.780 58.627
88.517 56.174
88.252 54.462
87.985 53.202
87.718 52.237
87.451 51.474
87.183 50.856
86.915 50.345
86.647 49.917
86.379 49.551
86.110 49.236
85.842 48.962
85.573 48.721
85.305 48.508
85.036 48.318
84.768 48.147
84.499 47.993
84.231 47.854
83.962 47.726
83.694 47.610
83.425 47.503
83.157 47.405
82.889 47.314
82.621 47.229
82.352 47.151
82.084 47.078
81.816 47.010
81.549 46.946
81.281 46.886
81.013 46.829
80.745 46.776
80.478 46.726
80.210 46.679
79.943 46.634
79.676 46.591
79.409 46.551
79.141 46.512
78.875 46.476
78.608 46.441
78.341 46.408
78.074 46.376
77.808 46.346
77.542 46.317
77.276 46.289
77.010 46.263
76.744 46.237
76.478 46.212
76.212 46.189
75.947 46.166
75.681 46.144
75.416 46.123
75.151 46.103
74.886 46.083
74.622 46.065
74.357 46.046
74.093 46.029
73.829 46.012
73.565 45.995
73.301 45.979
73.037 45.964
72.773 45.949
72.510 45.934
72.247 45.920
71.984 45.907
71.721 45.893
71.459 45.881
71.196 45.868
70.934 45.856
70.672 45.844
70.411 45.833
70.149 45.821
69.888 45.810
69.626 45.800
69.366 45.790
69.105 45.779
68.844 45.770
68.584 45.760
67.805 45.733
67.545 45.724
67.286 45.716
67.027 45.707
66.769 45.699
89.146 85.732
88.928 76.293
88.690 70.159
88.442 65.943
88.188 62.896
87.930 60.604
87.669 58.822
87.407 57.400
87.143 56.239
86.879 55.275
86.613 54.462
86.347 53.768
86.081 53.167
85.815 52.643
85.548 52.182
85.281 51.774
85.013 51.409
84.746 51.081
84.479 50.785
84.211 50.516
83.943 50.271
83.676 50.047
83.408 49.841
83.141 49.652
82.873 49.476
82.605 49.313
82.338 49.162
82.070 49.021
81.803 48.889
81.535 48.766
81.268 48.650
81.000 48.541
80.733 48.438
80.466 48.341
80.199 48.250
79.932 48.163
79.665 48.081
79.398 48.003
79.131 47.928
78.864 47.858
78.598 47.791
78.331 47.726
78.065 47.665
77.799 47.606
77.533 47.550
77.267 47.497
77.001 47.445
76.735 47.396
76.470 47.348
76.204 47.302
75.939 47.259
75.674 47.216
75.409 47.176
75.144 47.136
74.879 47.099
74.614 47.062
74.350 47.027
74.086 46.993
73.822 46.960
73.558 46.928
73.294 46.897
73.030 46.867
72.767 46.838
72.504 46.810
72.241 46.783
71.978 46.756
71.715 46.731
71.453 46.706
71.191 46.681
70.928 46.658
70.667 46.635
70.405 46.613
70.143 46.591
69.882 46.570
69.621 46.550
69.360 46.529
69.100 46.510
68.839 46.491
68.579 46.472
68.319 46.454
68.059 46.437
67.800 46.420
67.540 46.403
67.281 46.386
67.022 46.370
66.764 46.355
88.766 87.049
88.555 79.875
88.327 74.592
88.088 70.602
87.842 67.510
87.591 65.056
87.336 63.068
87.079 61.429
86.819 60.056
86.559 58.891
86.297 57.890
86.034 57.022
85.770 56.262
85.506 55.592
85.241 54.995
84.976 54.462
84.711 53.983
84.445 53.549
84.179 53.155
83.913 52.796
83.647 52.466
83.380 52.164
83.114 51.884
82.847 51.626
82.580 51.386
82.314 51.163
82.047 50.955
81.780 50.760
81.513 50.578
81.247 50.407
80.980 50.246
80.447 49.951
80.180 49.816
79.913 49.688
79.647 49.566
79.381 49.451
79.114 49.341
78.848 49.236
78.582 49.137
78.316 49.042
78.050 48.951
77.784 48.864
77.518 48.781
77.252 48.702
76.987 48.625
76.721 48.552
76.456 48.482
76.191 48.414
75.926 48.349
75.661 48.287
75.396 48.226
75.131 48.168
74.867 48.112
74.603 48.058
74.338 48.006
74.074 47.955
73.810 47.907
73.547 47.859
73.283 47.814
73.020 47.769
72.757 47.726
72.494 47.685
72.231 47.644
71.968 47.605
71.705 47.567
71.443 47.530
71.181 47.494
70.919 47.459
70.657 47.425
70.396 47.392
70.134 47.360
69.873 47.329
69.612 47.299
69.352 47.269
69.091 47.240
68.831 47.212
68.571 47.184
68.311 47.158
68.051 47.131
67.792 47.106
67.533 47.081
67.274 47.057
67.015 47.033
66.756 47.010
88.385 87.745
88.178 81.983
87.957 77.433
87.725 73.791
87.485 70.833
87.240 68.394
86.991 66.357
86.739 64.633
86.484 63.157
86.228 61.882
85.969 60.770
85.710 59.792
85.449 58.927
85.187 58.155
84.925 57.463
84.662 56.839
84.399 56.274
84.135 55.760
83.871 55.290
83.606 54.859
83.341 54.462
83.076 54.096
82.811 53.757
82.546 53.442
82.280 53.149
82.015 52.875
81.749 52.619
81.483 52.379
81.217 52.154
80.951 51.942
80.686 51.742
80.420 51.553
80.154 51.375
79.888 51.206
79.622 51.045
79.356 50.893
79.091 50.748
78.825 50.610
78.559 50.479
78.294 50.353
78.028 50.233
77.763 50.119
77.498 50.009
77.232 49.904
76.967 49.803
76.702 49.706
76.437 49.613
76.172 49.524
75.908 49.438
75.643 49.355
75.379 49.275
75.114 49.198
74.850 49.124
74.586 49.053
74.322 48.983
74.059 48.916
73.795 48.852
73.531 48.789
73.268 48.729
73.005 48.670
72.742 48.613
72.479 48.558
72.217 48.505
71.954 48.453
71.692 48.402
71.430 48.354
71.168 48.306
70.906 48.260
70.644 48.215
70.383 48.171
70.122 48.129
69.861 48.087
69.600 48.047
69.340 48.008
69.079 47.969
68.819 47.932
68.559 47.896
68.299 47.860
68.040 47.825
67.781 47.792
67.522 47.759
67.263 47.726
67.004 47.695
88.005 88.176
87.800 83.367
87.583 79.399
87.357 76.097
87.123 73.325
86.883 70.974
86.639 68.962
86.391 67.225
86.141 65.712
85.888 64.385
85.633 63.211
85.377 62.168
85.119 61.235
84.860 60.396
84.601 59.637
84.340 58.948
84.079 58.320
83.817 57.745
83.555 57.217
83.292 56.731
83.029 56.281
82.765 55.864
82.502 55.477
82.238 55.115
81.973 54.778
81.709 54.462
81.445 54.166
81.180 53.888
80.915 53.626
80.650 53.379
80.386 53.145
80.121 52.924
79.856 52.715
79.591 52.516
79.326 52.328
79.061 52.148
78.796 51.977
78.531 51.814
78.266 51.659
78.001 51.510
77.736 51.368
77.472 51.232
77.207 51.101
76.942 50.976
76.678 50.856
76.413 50.741
76.149 50.630
75.885 50.523
75.621 50.420
75.357 50.321
75.093 50.226
74.829 50.133
74.565 50.044
74.302 49.958
74.038 49.875
73.775 49.795
73.512 49.717
73.249 49.642
72.986 49.569
72.723 49.498
72.461 49.430
72.199 49.364
71.936 49.299
71.674 49.236
71.412 49.176
71.151 49.116
70.889 49.059
70.628 49.003
70.367 48.949
70.106 48.896
69.845 48.844
69.585 48.794
69.324 48.745
68.804 48.651
68.544 48.606
68.285 48.562
68.026 48.519
67.766 48.477
87.624 88.468
87.422 84.346
87.208 80.838
86.986 77.838
86.756 75.256
86.521 73.020
86.281 71.070
86.038 69.358
85.791 67.846
85.542 66.501
85.290 65.300
85.037 64.222
84.782 63.248
84.526 62.365
84.269 61.562
84.011 60.827
83.752 60.154
83.492 59.534
83.232 58.963
82.971 58.433
82.710 57.942
82.448 57.485
82.186 57.058
81.924 56.659
81.661 56.286
81.398 55.935
81.135 55.605
80.871 55.295
80.608 55.002
80.344 54.725
80.080 54.462
79.816 54.214
79.552 53.978
79.288 53.753
79.024 53.540
78.760 53.337
78.496 53.143
78.232 52.958
77.968 52.781
77.704 52.611
77.440 52.449
77.176 52.294
76.912 52.144
76.648 52.001
76.384 51.864
76.120 51.731
75.857 51.604
75.593 51.481
75.330 51.363
75.066 51.249
74.803 51.139
74.540 51.033
74.277 50.931
74.014 50.832
73.751 50.736
73.488 50.643
73.225 50.553
72.963 50.466
72.701 50.382
72.439 50.300
72.177 50.220
71.915 50.143
71.653 50.069
71.391 49.996
71.130 49.925
70.869 49.857
70.608 49.790
70.347 49.725
70.086 49.662
69.826 49.600
69.566 49.540
69.306 49.482
68.786 49.369
68.526 49.315
68.267 49.262
68.008 49.211
67.749 49.160
87.243 88.680
87.042 85.073
86.832 81.935
86.613 79.196
86.387 76.794
86.155 74.678
85.919 72.806
85.679 71.139
85.436 69.649
85.190 68.311
84.942 67.104
84.692 66.010
84.440 65.015
84.187 64.106
83.932 63.274
83.677 62.509
83.420 61.804
83.162 61.152
82.904 60.547
82.645 59.985
82.386 59.462
82.126 58.973
81.865 58.515
81.604 58.086
81.343 57.683
80.557 56.609
80.295 56.289
80.033 55.987
79.770 55.700
79.507 55.427
79.244 55.168
78.981 54.922
78.718 54.687
78.455 54.462
78.192 54.248
77.929 54.043
77.666 53.847
77.403 53.660
77.139 53.480
76.876 53.307
76.613 53.141
76.350 52.982
76.087 52.828
75.824 52.681
75.561 52.538
75.298 52.401
75.035 52.269
74.772 52.142
74.510 52.019
74.247 51.900
73.985 51.784
73.722 51.673
73.460 51.565
73.198 51.461
72.936 51.360
72.674 51.262
72.412 51.167
72.151 51.075
71.889 50.985
71.628 50.899
71.367 50.814
71.106 50.732
70.845 50.652
70.584 50.575
70.324 50.499
70.063 50.426
69.803 50.354
69.543 50.285
69.283 50.217
69.024 50.150
68.764 50.086
68.505 50.023
68.246 49.962
67.987 49.902
86.862 88.840
86.663 85.635
86.454 82.799
86.238 80.283
86.015 78.046
85.787 76.048
85.554 74.257
85.318 72.646
85.078 71.191
84.835 69.873
84.590 68.673
84.343 67.578
84.093 66.575
83.843 65.654
83.591 64.805
83.337 64.021
83.083 63.294
82.827 62.619
82.571 61.991
82.314 61.405
82.057 60.857
81.798 60.343
81.539 59.861
81.280 59.408
81.020 58.981
80.760 58.578
80.239 57.837
79.978 57.495
79.717 57.171
79.456 56.864
79.194 56.571
78.932 56.292
78.670 56.026
78.408 55.772
78.146 55.529
77.884 55.297
77.622 55.075
77.360 54.862
77.097 54.658
76.835 54.462
76.573 54.274
76.310 54.093
76.048 53.919
75.786 53.752
75.524 53.590
75.261 53.435
74.999 53.284
74.737 53.140
74.475 53.000
74.213 52.864
73.951 52.734
73.689 52.607
73.428 52.485
73.166 52.366
72.905 52.251
72.643 52.140
72.382 52.032
72.121 51.927
71.599 51.726
71.338 51.630
71.078 51.537
70.817 51.446
70.557 51.358
70.297 51.272
70.037 51.188
69.777 51.107
69.518 51.027
69.258 50.950
68.999 50.875
68.740 50.801
68.481 50.729
68.222 50.659
86.482 88.966
86.283 86.082
86.076 83.496
85.862 81.174
85.642 79.083
85.417 77.196
85.187 75.487
84.953 73.936
84.716 72.523
84.476 71.232
84.234 70.049
83.989 68.962
83.743 67.961
83.495 67.036
83.245 66.180
82.994 65.384
82.742 64.644
82.488 63.954
82.234 63.309
81.979 62.706
81.723 62.139
81.467 61.607
81.210 61.106
80.952 60.633
80.694 60.187
80.435 59.765
80.176 59.366
79.917 58.987
79.657 58.627
79.397 58.285
79.137 57.959
78.877 57.649
78.616 57.353
78.356 57.070
78.095 56.800
77.834 56.541
77.573 56.294
77.311 56.056
77.050 55.829
76.789 55.610
76.527 55.400
76.266 55.198
76.004 55.004
75.743 54.817
75.482 54.636
75.220 54.462
74.959 54.295
74.697 54.133
74.436 53.976
74.175 53.825
73.913 53.679
73.652 53.537
73.391 53.400
73.130 53.267
72.869 53.139
72.609 53.014
72.348 52.893
71.306 52.443
71.046 52.339
70.786 52.237
70.526 52.138
70.267 52.042
70.007 51.948
69.748 51.857
69.488 51.768
69.229 51.681
68.971 51.597
68.712 51.514
68.453 51.434
86.101 89.067
85.903 86.446
85.698 84.071
85.486 81.915
85.268 79.956
85.045 78.172
84.818 76.542
84.587 75.051
84.352 73.683
84.115 72.425
83.875 71.265
83.633 70.193
83.389 69.199
83.143 68.277
82.896 67.419
82.647 66.620
82.397 65.873
82.146 65.173
81.893 64.517
81.640 63.901
81.386 63.322
81.132 62.776
80.876 62.260
80.620 61.773
80.364 61.311
80.107 60.874
79.849 60.459
79.591 60.065
79.333 59.690
79.074 59.332
78.815 58.992
78.556 58.667
78.297 58.356
78.037 58.059
77.778 57.775
77.518 57.502
77.258 57.241
76.997 56.990
76.737 56.749
76.477 56.518
76.216 56.295
75.956 56.081
75.695 55.875
75.435 55.676
75.174 55.484
74.914 55.299
74.653 55.120
74.392 54.947
74.132 54.780
73.871 54.619
73.611 54.462
73.351 54.311
71.011 53.138
70.751 53.025
70.492 52.916
70.233 52.809
69.974 52.706
69.715 52.605
69.456 52.506
69.197 52.410
68.939 52.317
68.681 52.226
68.423 52.137
85.720 89.150
85.523 86.748
85.319 84.552
85.109 82.543
84.893 80.702
84.672 79.011
84.447 77.457
84.219 76.025
83.987 74.702
83.752 73.479
83.514 72.345
83.275 71.292
83.033 70.311
82.789 69.397
82.544 68.543
82.297 67.743
82.049 66.993
81.800 66.289
81.550 65.627
81.298 65.003
81.046 64.415
80.793 63.858
80.539 63.332
80.285 62.833
80.030 62.360
79.774 61.911
79.518 61.483
79.262 61.077
79.005 60.689
78.748 60.319
78.490 59.966
78.232 59.628
77.974 59.305
77.716 58.996
77.457 58.699
77.199 58.415
76.940 58.142
76.680 57.879
76.421 57.627
76.162 57.384
75.902 57.151
75.643 56.925
75.383 56.708
75.124 56.499
74.864 56.297
74.604 56.101
74.345 55.913
70.972 53.934
70.713 53.810
70.454 53.691
70.196 53.574
69.937 53.460
69.679 53.350
69.420 53.242
69.162 53.137
68.904 53.035
68.646 52.935
85.340 89.219
85.143 87.003
84.940 84.962
84.731 83.080
84.517 81.345
84.298 79.741
84.076 78.257
83.849 76.881
83.619 75.604
83.387 74.417
83.151 73.311
82.914 72.279
82.674 71.314
82.433 70.411
82.190 69.564
81.945 68.768
81.699 68.020
81.452 67.315
81.203 66.650
80.954 66.021
80.703 65.427
80.452 64.864
80.200 64.330
79.947 63.823
79.694 63.340
79.440 62.882
79.185 62.445
78.930 62.028
78.674 61.630
78.419 61.250
78.162 60.886
77.906 60.538
77.649 60.204
77.392 59.884
77.134 59.577
76.876 59.282
76.619 58.999
76.361 58.727
76.102 58.464
75.844 58.212
75.586 57.968
75.327 57.733
72.998 55.945
72.739 55.776
72.481 55.612
72.222 55.454
71.963 55.300
70.671 54.592
70.413 54.462
70.155 54.336
69.897 54.212
69.639 54.092
69.381 53.975
69.124 53.861
68.866 53.750
68.609 53.641
84.959 89.278
84.764 87.221
84.561 85.314
84.354 83.546
84.141 81.905
83.924 80.380
83.703 78.962
83.478 77.640
83.251 76.408
83.020 75.256
82.787 74.179
82.551 73.170
82.314 72.223
82.074 71.333
81.833 70.496
81.590 69.707
81.346 68.962
81.101 68.259
80.854 67.594
80.606 66.964
80.358 66.366
80.108 65.799
79.858 65.260
79.606 64.747
79.354 64.258
79.102 63.792
78.849 63.348
78.595 62.923
78.341 62.517
78.086 62.128
77.832 61.756
77.576 61.399
77.321 61.056
77.065 60.728
76.808 60.412
76.552 60.108
76.295 59.816
76.038 59.534
73.720 57.406
73.462 57.207
73.204 57.014
72.946 56.827
72.688 56.646
72.430 56.470
72.172 56.299
71.914 56.133
71.657 55.972
71.399 55.815
70.626 55.371
70.368 55.231
70.111 55.094
69.853 54.961
69.596 54.832
69.339 54.705
69.082 54.582
68.825 54.462
68.568 54.345
68.312 54.231
84.579 89.329
84.384 87.409
84.182 85.620
83.976 83.953
83.765 82.398
83.549 80.945
83.330 79.588
83.107 78.318
82.881 77.128
82.652 76.012
82.421 74.964
82.188 73.978
81.952 73.050
81.714 72.175
81.475 71.349
81.234 70.569
80.992 69.831
80.748 69.132
80.503 68.468
80.257 67.839
80.010 67.240
79.762 66.671
79.513 66.129
79.263 65.612
79.013 65.119
78.762 64.648
78.510 64.197
78.258 63.766
78.005 63.354
77.752 62.958
77.498 62.579
77.244 62.215
76.990 61.865
76.735 61.529
76.480 61.206
76.225 60.894
74.432 59.004
74.175 58.770
73.918 58.543
73.661 58.323
73.404 58.110
73.147 57.904
72.890 57.704
72.633 57.510
72.376 57.321
72.119 57.139
71.862 56.961
71.605 56.789
71.348 56.621
71.091 56.458
70.577 56.145
70.320 55.995
70.063 55.849
69.806 55.706
69.550 55.568
69.293 55.432
69.037 55.301
68.781 55.172
68.524 55.046
68.268 54.924
84.199 89.373
84.004 87.574
83.803 85.889
83.598 84.312
83.388 82.834
83.174 81.448
82.956 80.147
82.735 78.926
82.511 77.776
82.284 76.695
82.054 75.675
81.822 74.714
81.588 73.805
81.353 72.947
81.115 72.134
80.876 71.364
80.635 70.633
80.393 69.939
80.150 69.280
79.906 68.653
79.660 68.055
79.414 67.486
79.166 66.942
78.918 66.423
78.669 65.927
78.420 65.452
78.170 64.998
77.919 64.562
77.667 64.145
77.415 63.744
77.163 63.359
76.910 62.989
76.657 62.633
76.404 62.291
75.131 60.756
74.876 60.481
74.621 60.214
74.366 59.957
74.110 59.708
73.854 59.466
73.598 59.233
73.342 59.006
73.086 58.787
72.830 58.574
72.574 58.368
72.318 58.168
72.062 57.973
71.806 57.784
71.549 57.601
71.293 57.422
71.037 57.249
70.781 57.080
70.524 56.916
70.268 56.756
70.012 56.600
69.756 56.448
69.500 56.300
69.244 56.156
68.989 56.015
68.733 55.878
68.477 55.745
83.819 89.412
83.624 87.719
83.424 86.127
83.220 84.631
83.011 83.223
82.798 81.898
82.582 80.650
82.362 79.474
82.139 78.364
81.914 77.315
81.686 76.324
81.456 75.386
81.224 74.498
80.990 73.656
80.754 72.857
80.516 72.098
80.277 71.376
80.037 70.689
79.795 70.035
79.553 69.411
79.309 68.816
79.064 68.248
78.818 67.705
78.571 67.185
78.324 66.687
78.076 66.210
77.827 65.753
77.577 65.315
77.327 64.893
77.077 64.488
76.826 64.099
76.574 63.725
76.322 63.364
75.564 62.358
75.311 62.046
75.057 61.745
74.804 61.454
74.549 61.173
74.295 60.901
74.041 60.637
73.786 60.382
73.531 60.135
73.277 59.896
73.022 59.664
72.767 59.439
72.511 59.220
72.256 59.008
72.001 58.802
71.746 58.602
71.490 58.408
71.235 58.219
70.979 58.035
70.724 57.856
70.469 57.682
70.213 57.512
69.958 57.347
69.703 57.186
69.448 57.029
69.192 56.876
68.937 56.727
68.682 56.581
83.439 89.446
83.245 87.847
83.045 86.339
82.842 84.916
82.634 83.573
82.422 82.304
82.207 81.105
81.989 79.971
81.768 78.898
81.544 77.881
81.317 76.918
81.089 76.003
80.858 75.135
80.626 74.310
80.391 73.525
80.156 72.778
79.918 72.066
79.679 71.387
79.439 70.739
79.198 70.120
78.956 69.529
78.712 68.962
78.468 68.421
78.223 67.901
77.977 67.403
77.730 66.926
77.482 66.467
77.234 66.026
76.986 65.602
76.736 65.194
76.486 64.802
75.734 63.707
75.483 63.368
75.231 63.040
74.979 62.724
74.726 62.418
74.474 62.122
74.221 61.836
73.968 61.559
73.714 61.290
73.461 61.030
73.207 60.778
72.953 60.534
72.699 60.297
72.445 60.066
72.191 59.843
71.936 59.626
71.682 59.415
71.428 59.209
71.173 59.010
70.919 58.816
70.664 58.627
70.410 58.443
70.155 58.264
69.901 58.090
69.646 57.920
69.392 57.754
69.137 57.592
68.883 57.435
68.629 57.281
83.059 89.476
82.865 87.962
82.666 86.529
82.463 85.172
82.257 83.888
82.046 82.671
81.832 81.518
81.615 80.424
81.395 79.386
81.173 78.400
80.948 77.462
80.721 76.571
80.492 75.723
80.261 74.915
80.028 74.145
79.794 73.410
79.558 72.708
79.321 72.038
79.082 71.397
78.842 70.784
78.601 70.196
78.359 69.634
78.116 69.094
77.873 68.576
77.628 68.079
77.382 67.601
77.136 67.142
76.890 66.700
76.642 66.274
75.897 65.089
75.647 64.721
75.397 64.366
75.147 64.023
74.896 63.692
74.645 63.372
74.394 63.062
74.142 62.762
73.890 62.471
73.638 62.190
73.386 61.917
73.133 61.653
72.880 61.396
72.628 61.147
72.375 60.906
72.121 60.671
71.868 60.443
71.615 60.221
71.361 60.005
71.108 59.796
70.854 59.592
70.601 59.393
70.347 59.200
70.093 59.011
69.840 58.828
69.586 58.649
69.332 58.475
69.079 58.305
68.825 58.139
82.680 89.504
82.486 88.065
82.288 86.700
82.085 85.404
81.879 84.174
81.670 83.005
81.457 81.894
81.241 80.838
81.023 79.833
80.801 78.876
80.578 77.964
80.352 77.096
80.125 76.267
79.895 75.476
79.664 74.720
79.431 73.998
79.196 73.307
78.961 72.646
78.723 72.013
78.485 71.406
78.246 70.824
78.005 70.265
77.764 69.728
77.521 69.213
77.278 68.717
77.034 68.240
76.050 66.501
75.803 66.105
75.555 65.722
75.307 65.352
75.058 64.995
74.809 64.649
74.560 64.315
74.310 63.992
74.059 63.678
73.809 63.375
73.558 63.081
73.307 62.796
73.056 62.520
72.804 62.251
72.552 61.991
72.301 61.738
72.049 61.492
71.796 61.253
71.544 61.021
71.292 60.796
71.039 60.576
70.787 60.362
70.534 60.154
70.281 59.951
70.028 59.754
69.776 59.562
69.523 59.374
69.270 59.191
69.017 59.013
82.300 89.528
82.107 88.158
81.909 86.855
81.707 85.615
81.502 84.434
81.293 83.310
81.082 82.239
80.867 81.218
80.650 80.244
80.430 79.315
80.208 78.428
79.983 77.581
79.757 76.772
79.529 75.997
79.299 75.256
79.067 74.547
78.834 73.867
78.600 73.215
78.364 72.590
78.127 71.990
77.889 71.414
77.650 70.860
77.410 70.327
77.168 69.814
76.926 69.321
76.684 68.845
76.440 68.387
76.196 67.945
75.951 67.519
75.705 67.107
75.459 66.710
75.213 66.326
74.966 65.954
74.718 65.595
74.470 65.248
74.222 64.911
73.973 64.585
73.724 64.269
73.474 63.963
73.224 63.666
72.974 63.378
72.724 63.098
72.474 62.827
72.223 62.563
71.972 62.307
71.721 62.058
71.470 61.815
71.219 61.580
70.967 61.350
70.715 61.127
70.464 60.910
70.212 60.698
69.960 60.491
69.708 60.290
69.457 60.094
69.205 59.903
68.953 59.716
68.701 59.534
68.449 59.357
81.921 89.550
81.728 88.243
81.530 86.996
81.329 85.807
81.125 84.672
80.917 83.589
80.706 82.555
80.493 81.567
80.276 80.624
80.058 79.721
79.837 78.858
79.614 78.032
79.389 77.241
79.162 76.483
78.933 75.757
78.703 75.060
78.471 74.392
78.238 73.750
78.004 73.133
77.768 72.540
77.531 71.970
77.293 71.421
77.054 70.892
76.815 70.383
76.574 69.892
76.332 69.419
76.090 68.962
75.847 68.522
75.603 68.096
75.359 67.684
75.114 67.287
74.869 66.902
74.623 66.530
74.376 66.169
74.130 65.820
73.882 65.482
73.635 65.154
73.387 64.836
73.138 64.527
72.890 64.228
72.641 63.937
72.391 63.655
72.142 63.381
71.892 63.114
71.642 62.855
71.392 62.603
71.142 62.357
70.892 62.118
70.641 61.886
70.390 61.659
70.140 61.439
69.889 61.224
69.387 60.810
69.136 60.610
68.885 60.416
68.634 60.226
68.383 60.041
81.542 89.571
81.349 88.320
81.152 87.125
80.951 85.983
80.748 84.891
80.541 83.846
80.331 82.847
80.118 81.891
79.903 80.975
79.685 80.098
79.466 79.258
79.244 78.452
79.020 77.679
78.794 76.937
78.567 76.225
78.338 75.541
78.108 74.884
77.876 74.252
77.643 73.644
77.408 73.058
77.173 72.494
76.936 71.951
76.698 71.427
76.460 70.922
76.220 70.435
75.980 69.964
75.739 69.509
75.497 69.070
75.255 68.645
75.012 68.234
74.768 67.837
74.524 67.452
74.279 67.079
74.034 66.718
73.788 66.368
73.542 66.029
73.295 65.699
73.048 65.380
72.801 65.069
72.553 64.768
72.305 64.475
72.057 64.191
71.809 63.914
71.560 63.645
71.311 63.383
71.062 63.128
70.813 62.880
70.563 62.639
70.314 62.403
70.064 62.174
69.814 61.951
69.064 61.313
68.814 61.110
81.163 89.589
80.970 88.391
80.774 87.244
80.574 86.145
80.371 85.092
80.164 84.084
79.955 83.117
79.744 82.190
79.529 81.301
79.313 80.448
79.094 79.630
78.873 78.844
78.651 78.088
78.426 77.362
78.200 76.664
77.972 75.993
77.743 75.347
77.513 74.725
77.281 74.125
77.048 73.547
76.813 72.990
76.578 72.453
76.342 71.934
76.104 71.433
75.866 70.949
75.627 70.482
75.387 70.030
75.147 69.592
74.905 69.169
74.663 68.759
74.421 68.362
74.178 67.978
73.934 67.605
73.690 67.244
73.445 66.893
73.200 66.553
72.955 66.223
72.709 65.902
72.462 65.590
72.216 65.287
71.969 64.993
71.722 64.706
71.474 64.428
71.227 64.157
70.979 63.893
70.731 63.636
70.482 63.385
70.234 63.141
69.985 62.904
69.737 62.672
80.784 89.606
80.592 88.456
80.395 87.353
80.196 86.294
79.994 85.279
79.788 84.304
79.580 83.367
79.369 82.469
79.156 81.605
78.940 80.775
78.723 79.977
78.503 79.210
78.281 78.472
78.058 77.761
77.833 77.077
77.607 76.418
77.379 75.783
77.149 75.170
76.918 74.580
76.687 74.010
76.453 73.460
76.219 72.928
75.984 72.415
75.748 71.919
75.511 71.439
75.273 70.974
75.034 70.525
74.795 70.090
74.555 69.669
74.314 69.260
74.073 68.865
73.831 68.481
73.588 68.109
73.345 67.747
73.101 67.397
72.857 67.056
72.613 66.725
72.368 66.403
72.123 66.091
71.877 65.787
71.632 65.491
71.385 65.203
71.139 64.923
70.892 64.650
70.645 64.385
70.398 64.126
70.151 63.873
69.903 63.627
69.656 63.387
80.405 89.622
80.213 88.516
80.018 87.454
79.819 86.433
79.617 85.451
79.412 84.508
79.204 83.600
78.994 82.728
78.782 81.888
78.568 81.080
78.351 80.302
78.132 79.553
77.912 78.831
77.690 78.136
77.466 77.465
77.240 76.818
77.013 76.194
76.785 75.591
76.556 75.010
76.325 74.448
76.093 73.904
75.860 73.379
75.626 72.871
75.391 72.380
75.155 71.904
74.918 71.444
74.681 70.997
74.443 70.565
74.203 70.146
73.964 69.740
73.724 69.345
73.483 68.962
73.241 68.591
72.999 68.230
72.757 67.880
72.514 67.539
72.270 67.208
72.027 66.886
71.783 66.573
71.538 66.268
71.293 65.971
71.048 65.682
70.803 65.401
70.557 65.126
70.311 64.859
70.065 64.599
69.818 64.345
69.572 64.097
80.027 89.636
79.835 88.571
79.640 87.547
79.441 86.561
79.240 85.612
79.036 84.698
78.829 83.818
78.620 82.970
78.408 82.153
78.195 81.366
77.979 80.607
77.761 79.875
77.542 79.169
77.321 78.488
77.098 77.831
76.874 77.196
76.648 76.582
76.421 75.990
76.192 75.417
75.963 74.863
75.732 74.326
75.500 73.808
75.267 73.305
75.033 72.819
74.799 72.348
74.563 71.891
74.327 71.448
74.089 71.019
73.851 70.602
73.613 70.198
73.374 69.805
73.134 69.424
72.894 69.053
72.653 68.693
72.411 68.343
72.169 68.003
71.927 67.672
71.684 67.350
71.441 67.036
71.198 66.731
70.954 66.433
70.710 66.144
70.465 65.861
70.221 65.586
69.976 65.318
69.730 65.056
69.485 64.801
79.649 89.649
79.457 88.623
79.262 87.634
79.064 86.680
78.863 85.761
78.660 84.875
78.454 84.021
78.245 83.196
78.035 82.401
77.822 81.634
77.607 80.894
77.390 80.179
77.172 79.488
76.952 78.821
76.730 78.176
76.507 77.553
76.282 76.950
76.056 76.367
75.829 75.803
75.600 75.256
75.370 74.728
75.140 74.215
74.908 73.719
74.675 73.237
74.441 72.771
74.207 72.318
73.972 71.879
73.736 71.453
73.499 71.039
73.023 70.246
72.305 69.138
72.065 68.789
71.824 68.449
71.583 68.119
71.341 67.797
70.371 66.589
70.127 66.306
69.883 66.030
69.639 65.761
69.395 65.498
69.151 65.242
79.271 89.662
79.080 88.671
78.885 87.715
78.687 86.792
78.487 85.901
78.284 85.041
78.079 84.211
77.871 83.409
77.661 82.634
77.449 81.886
77.235 81.163
77.019 80.464
76.802 79.788
76.583 79.135
76.362 78.503
76.140 77.891
75.916 77.298
75.691 76.725
75.465 76.169
75.237 75.631
75.008 75.109
74.779 74.603
74.548 74.112
74.316 73.636
74.084 73.175
73.850 72.726
73.616 72.291
73.381 71.868
73.145 71.457
72.909 71.057
70.273 67.310
70.031 67.019
69.788 66.736
69.545 66.459
69.302 66.189
69.059 65.926
78.893 89.673
78.702 88.716
78.508 87.790
78.311 86.896
78.111 86.032
77.908 85.197
77.704 84.389
77.497 83.609
77.288 82.854
77.076 82.124
76.863 81.417
76.648 80.734
76.432 80.072
76.213 79.432
75.994 78.812
75.772 78.211
75.550 77.629
75.326 77.065
75.100 76.517
74.874 75.987
74.646 75.472
74.418 74.973
74.188 74.488
73.957 74.017
73.726 73.560
73.493 73.116
73.260 72.685
73.026 72.265
72.792 71.857
69.448 67.151
69.207 66.874
68.965 66.604
78.516 89.684
78.325 88.757
78.131 87.861
77.934 86.994
77.735 86.154
77.533 85.343
77.329 84.557
77.122 83.797
76.914 83.060
76.704 82.348
76.491 81.658
76.277 80.989
76.062 80.341
75.844 79.713
75.625 79.105
75.405 78.515
75.183 77.943
74.960 77.388
74.736 76.849
74.510 76.326
74.284 75.819
74.056 75.326
73.828 74.847
73.598 74.382
73.367 73.929
73.136 73.490
72.904 73.062
72.671 72.646
69.349 67.836
69.108 67.552
68.867 67.275
78.139 89.694
77.948 88.796
77.754 87.927
77.558 87.085
77.359 86.270
77.158 85.480
76.954 84.715
76.748 83.974
76.541 83.256
76.331 82.559
76.120 81.885
75.906 81.230
75.691 80.596
75.475 79.980
75.257 79.383
75.037 78.804
74.817 78.241
74.594 77.695
74.371 77.165
74.147 76.650
73.921 76.149
73.694 75.663
73.467 75.190
73.238 74.730
73.009 74.282
72.778 73.847
72.547 73.424
72.315 73.011
72.083 72.610
71.849 72.219
71.615 71.838
69.007 68.224
68.767 67.941
68.527 67.664
77.762 89.704
77.571 88.833
77.378 87.989
77.182 87.171
76.983 86.379
76.783 85.610
76.580 84.864
76.375 84.141
76.168 83.440
75.959 82.760
75.748 82.100
75.535 81.459
75.321 80.838
75.106 80.234
74.888 79.648
74.670 79.079
74.450 78.526
74.229 77.989
74.006 77.466
73.783 76.959
73.558 76.465
73.333 75.985
73.106 75.518
72.878 75.063
72.650 74.621
72.420 74.190
72.190 73.771
71.959 73.362
71.728 72.964
71.495 72.576
68.903 68.889
68.664 68.599
68.426 68.316
68.187 68.039
77.385 89.713
77.195 88.868
77.002 88.048
76.806 87.253
76.608 86.481
76.408 85.732
76.205 85.005
76.001 84.300
75.794 83.615
75.586 82.950
75.376 82.304
75.164 81.677
74.951 81.067
74.736 80.475
74.520 79.900
74.302 79.341
74.083 78.797
73.863 78.268
73.642 77.754
73.419 77.254
73.195 76.767
72.970 76.293
72.745 75.832
72.518 75.383
72.291 74.945
72.062 74.519
71.833 74.104
71.603 73.699
77.009 89.721
76.819 88.900
76.626 88.103
76.430 87.330
76.233 86.578
76.033 85.848
75.831 85.139
75.627 84.450
75.422 83.780
75.214 83.130
75.005 82.498
74.794 81.883
74.581 81.286
74.367 80.705
74.152 80.140
73.935 79.590
73.717 79.056
73.497 78.535
73.277 78.029
73.055 77.536
72.832 77.056
72.608 76.588
72.383 76.133
72.158 75.689
71.931 75.256
76.633 89.729
76.443 88.931
76.250 88.156
76.055 87.402
75.858 86.670
75.659 85.958
75.457 85.265
75.254 84.592
75.049 83.938
74.842 83.301
74.633 82.682
74.423 82.080
74.211 81.494
73.998 80.924
73.783 80.369
73.567 79.829
73.350 79.303
73.131 78.791
72.912 78.292
72.691 77.806
72.469 77.333
72.246 76.871
72.022 76.421
71.797 75.983
71.572 75.555
71.345 75.138
76.257 89.736
76.067 88.960
75.875 88.205
75.680 87.471
75.483 86.757
75.285 86.062
75.084 85.385
74.881 84.728
74.676 84.087
74.470 83.464
74.262 82.858
74.053 82.268
73.842 81.693
73.629 81.133
73.415 80.588
73.200 80.057
72.983 79.539
72.766 79.035
72.547 78.544
72.106 77.598
71.884 77.143
71.437 76.265
71.212 75.843
75.882 89.744
75.692 88.988
75.500 88.252
75.306 87.536
75.109 86.839
74.911 86.160
74.710 85.500
74.508 84.856
74.304 84.230
74.099 83.620
73.891 83.025
73.682 82.446
73.047 80.797
72.832 80.275
72.617 79.766
72.400 79.269
71.963 78.313
71.742 77.853
71.299 76.965
71.076 76.537
75.506 89.750
75.317 89.014
75.125 88.297
74.337 85.608
74.136 84.979
73.932 84.366
73.727 83.768
73.520 83.185
72.679 80.997
72.465 80.484
72.250 79.983
71.159 77.654
74.164 86.344
73.965 85.712
73.763 85.096
72.311 81.189
72.098 80.684
71.016 78.332
73.791 86.429
72.155 81.881
71.944 81.372
71.996 82.562
71.786 82.049
